"branch","ncust","customer","age","ed","employ","address","income","debtinc","creddebt","othdebt","default"
3,3017,10012,28,"Bac+2",7,2,44,17.7,2.990592,4.797408,"Non"
3,3017,10017,64,"Bac+5 et plus",34,17,116,14.7,5.047392,12.004608,"Non"
3,3017,10030,40,"Niveau bac",20,12,61,4.8,1.042368,1.885632,"Non"
3,3017,10039,30,"Niveau bac",11,3,27,34.5,1.75122,7.56378,"Non"
3,3017,10071,35,"Niveau bac",2,9,38,10.9,1.462126,2.679874,"Oui"
3,3017,10096,26,"Bac+3",2,4,38,11.9,0.954142,3.567858,"Oui"
3,3017,10128,25,"Niveau bac",4,2,30,14.4,1.04544,3.27456,"Non"
3,3017,10129,65,"Bac+4",29,14,189,5,3.3642,6.0858,"Non"
3,3017,10140,21,"Bac+3",0,0,23,3.9,0.305877,0.591123,"Non"
3,3017,10142,62,"Niveau bac",33,13,96,17.5,6.6864,10.1136,"Non"
3,3017,10169,30,"Bac+4",4,3,39,10.6,2.389452,1.744548,"Oui"
3,3017,10197,38,"Bac+5 et plus",7,7,124,19.1,9.520968,14.163032,"Non"
3,3017,10200,18,"Bac+2",0,0,35,3.9,0.17472,1.19028,"Non"
3,3017,10218,53,"Niveau bac",9,13,41,13.3,2.333884,3.119116,"Non"
3,3017,10234,18,"Bac+2",0,0,15,7.4,0.82806,0.28194,"Oui"
3,3017,10351,18,"Bac+2",0,0,56,15.7,1.837528,6.954472,"Oui"
3,3017,10423,19,"Niveau bac",2,0,31,0.3,0.024552,0.068448,"Oui"
3,3017,10428,19,"Bac+2",0,0,26,5.8,0.586612,0.921388,"Oui"
3,3017,10455,21,"Bac+2",1,1,40,7.6,1.52,1.52,"Oui"
3,3017,10525,47,"Bac+3",8,10,43,6.1,0.359351,2.263649,"Non"
3,3017,10564,40,"Bac+4",17,11,103,13.3,10.41124,3.28776,"Oui"
3,3017,10567,41,"Bac+2",16,11,56,3.4,0.896784,1.007216,"Non"
3,3017,10746,23,"Bac+4",0,2,118,6.4,0.294528,7.257472,"Non"
3,3017,10775,45,"Bac+5 et plus",1,4,58,15.4,2.36698,6.56502,"Oui"
3,3017,10776,37,"Bac+3",15,10,65,5,1.30325,1.94675,"Non"
3,3017,10797,47,"Bac+2",23,14,46,11.7,0.839592,4.542408,"Non"
3,3017,10800,18,"Bac+2",0,0,19,5.2,0.31616,0.67184,"Oui"
3,3017,10805,41,"Niveau bac",3,12,23,10.6,0.14628,2.29172,"Oui"
3,3017,10824,42,"Bac+2",3,12,76,5.2,0.723216,3.228784,"Oui"
3,3017,10839,29,"Bac+4",2,3,45,3,0.6696,0.6804,"Non"
3,3017,10870,24,"Bac+4",0,2,41,8.4,0.788676,2.655324,"Non"
3,3017,10893,40,"Bac+2",15,6,46,10.6,0.819168,4.056832,"Non"
3,3017,10927,21,"Bac+3",0,0,17,17.6,1.373328,1.618672,"Oui"
3,3017,11045,29,"Bac+2",6,4,35,3.3,0.19866,0.95634,"Oui"
3,3017,11057,22,"Bac+3",0,0,24,5.2,0.2808,0.9672,"Oui"
3,3017,11080,58,"Bac+4",24,18,70,6.8,2.29908,2.46092,"Non"
3,3017,11199,53,"Bac+2",14,19,67,6.1,1.06262,3.02438,"Non"
3,3017,11267,31,"Bac+3",5,7,25,6.8,0.4301,1.2699,"Non"
3,3017,11288,26,"Niveau bac",4,2,23,6.9,0.165048,1.421952,"Non"
3,3017,11307,23,"Bac+4",0,0,28,19.2,1.72032,3.65568,"Oui"
3,3017,11329,25,"Bac+2",1,3,19,28.6,2.33662,3.09738,"Oui"
3,3017,11344,25,"Bac+3",0,1,35,9.7,0.132405,3.262595,"Oui"
3,3017,11363,22,"Bac+4",0,1,31,22.8,1.314648,5.753352,"Oui"
3,3017,11423,38,"Bac+3",8,8,35,26.4,3.77916,5.46084,"Non"
3,3017,11461,42,"Bac+2",16,11,49,9.7,0.556101,4.196899,"Non"
3,3017,11472,30,"Niveau bac",2,3,18,3,0.07236,0.46764,"Oui"
3,3017,11475,59,"Bac+4",20,16,144,3.4,2.492064,2.403936,"Non"
3,3017,11512,34,"Bac+3",5,5,44,5.6,0.744128,1.719872,"Non"
3,3017,11557,33,"Niveau bac",11,6,52,9.1,0.9464,3.7856,"Oui"
3,3017,11661,41,"Bac+5 et plus",7,12,47,5.2,1.635036,0.808964,"Non"
3,3017,11690,36,"Bac+2",2,9,27,9.3,0.735723,1.775277,"Oui"
3,3017,11703,20,"Bac+2",0,0,21,10.2,0.552636,1.589364,"Non"
3,3017,11712,35,"Bac+2",6,5,26,2.5,0.44655,0.20345,"Non"
3,3017,11755,33,"Bac+4",3,4,34,1.2,0.226848,0.181152,"Non"
3,3017,11809,40,"Bac+2",6,6,36,6.6,1.577664,0.798336,"Oui"
3,3017,11852,39,"Bac+2",7,6,82,17.4,3.70968,10.55832,"Non"
3,3017,11859,18,"Bac+2",0,0,12,8.2,0.150552,0.833448,"Oui"
3,3017,11860,66,"Niveau bac",40,17,149,13.1,7.788081,11.730919,"Non"
3,3017,11897,43,"Bac+2",6,6,40,6.6,0.5016,2.1384,"Non"
3,3017,11916,39,"Bac+4",14,8,46,6.5,0.49933,2.49067,"Non"
3,3017,11964,47,"Bac+3",17,13,111,8.8,5.733816,4.034184,"Non"
3,3017,11973,25,"Niveau bac",9,3,25,23.5,0.34075,5.53425,"Oui"
3,3017,11995,57,"Bac+3",7,14,43,20.8,2.495376,6.448624,"Oui"
3,3017,12099,69,"Niveau bac",6,24,60,18.6,1.27224,9.88776,"Non"
3,3017,12104,20,"Bac+3",0,0,22,4.2,0.536844,0.387156,"Oui"
3,3017,12110,42,"Niveau bac",15,7,60,6.1,2.013,1.647,"Non"
3,3017,12149,41,"Bac+2",10,7,29,4.2,0.473802,0.744198,"Non"
3,3017,12157,35,"Bac+3",0,7,36,4.7,0.546516,1.145484,"Non"
3,3017,12239,46,"Bac+3",20,16,122,6.7,2.893596,5.280404,"Non"
3,3017,12382,24,"Bac+4",0,1,27,4.2,0.44226,0.69174,"Non"
3,3017,12439,34,"Bac+3",7,8,43,30.3,3.921729,9.107271,"Oui"
3,3017,12540,36,"Bac+2",7,4,41,18.9,3.17709,4.57191,"Non"
3,3017,12596,19,"Niveau bac",0,0,18,15.1,0.793656,1.924344,"Oui"
3,3017,12638,29,"Bac+5 et plus",1,4,51,1.3,0.281775,0.381225,"Non"
3,3017,12687,44,"Bac+2",7,9,59,8.4,1.769292,3.186708,"Non"
3,3017,12710,19,"Bac+2",0,0,28,11.7,0.822276,2.453724,"Non"
3,3017,12729,39,"Niveau bac",2,9,29,3.7,0.476412,0.596588,"Non"
3,3017,12759,30,"Bac+4",5,5,222,2.9,1.970028,4.467972,"Non"
3,3017,12779,72,"Bac+2",44,13,187,9.2,4.713896,12.490104,"Non"
3,3017,12841,18,"Bac+2",0,0,30,7,0.8085,1.2915,"Oui"
3,3017,12910,28,"Bac+3",7,5,30,8.5,0.459,2.091,"Non"
3,3017,13005,33,"Bac+2",8,4,45,12.1,0.1089,5.3361,"Non"
3,3017,13013,34,"Bac+4",11,4,132,4.7,1.513776,4.690224,"Non"
13,3080,60063,36,"Bac+2",16,4,96,12.2,5.422656,6.289344,"Non"
13,3080,60070,45,"Niveau bac",13,7,65,28.6,10.72643,7.86357,"Oui"
13,3080,60087,59,"Niveau bac",34,26,154,8.5,8.32524,4.76476,"Non"
13,3080,60090,35,"Bac+2",9,1,80,12.9,4.2828,6.0372,"Oui"
13,3080,60112,62,"Bac+4",31,22,387,15,5.39865,52.65135,"Non"
13,3080,60199,29,"Bac+4",1,4,38,4.5,0.82422,0.88578,"Oui"
13,3080,60229,24,"Bac+2",4,1,39,21.5,3.966105,4.418895,"Oui"
13,3080,60237,32,"Bac+3",1,6,45,13.9,1.51371,4.74129,"Oui"
13,3080,60256,25,"Bac+2",6,2,29,5.9,0.636492,1.074508,"Non"
13,3080,60324,27,"Bac+3",1,2,28,23.5,0.81592,5.76408,"Non"
13,3080,60346,56,"Bac+2",37,10,160,11.4,6.76704,11.47296,"Non"
13,3080,60435,59,"Niveau bac",31,15,86,6.8,1.614048,4.233952,"Non"
13,3080,60494,65,"Bac+3",26,16,186,4.2,2.984184,4.827816,"Non"
13,3080,60497,26,"Niveau bac",0,3,29,16.9,3.092531,1.808469,"Oui"
13,3080,60499,27,"Bac+3",3,4,68,24.9,5.231988,11.700012,"Oui"
13,3080,60515,30,"Niveau bac",6,3,22,15.5,0.13299,3.27701,"Oui"
13,3080,60625,43,"Niveau bac",22,13,96,1.2,0.340992,0.811008,"Non"
13,3080,60634,30,"Bac+4",4,5,64,14.1,2.833536,6.190464,"Non"
13,3080,60657,18,"Bac+2",0,0,19,14,0.56392,2.09608,"Oui"
13,3080,60686,24,"Bac+3",1,1,33,14,0.06468,4.55532,"Non"
13,3080,60777,31,"Bac+4",0,6,28,4.5,0.06552,1.19448,"Non"
13,3080,60937,24,"Bac+4",0,2,48,1.2,0.061632,0.514368,"Oui"
13,3080,60942,26,"Bac+3",2,3,37,3.1,0.348688,0.798312,"Non"
13,3080,60944,33,"Bac+2",13,5,54,16.2,2.878092,5.869908,"Oui"
13,3080,60949,18,"Bac+2",0,0,16,6,0.4032,0.5568,"Non"
13,3080,60980,29,"Bac+3",1,2,34,15.5,0.38998,4.88002,"Oui"
13,3080,61081,21,"Bac+3",0,1,27,16.5,1.1583,3.2967,"Non"
13,3080,61231,41,"Bac+2",22,13,54,4.1,0.81918,1.39482,"Non"
13,3080,61255,40,"Bac+4",11,8,238,7.9,6.336274,12.465726,"Non"
13,3080,61272,37,"Niveau bac",5,10,21,14.5,0.71253,2.33247,"Non"
13,3080,61475,24,"Bac+4",0,4,18,2.9,0.184266,0.337734,"Non"
13,3080,61481,18,"Bac+2",0,0,25,2.9,0.561875,0.163125,"Non"
13,3080,61510,30,"Bac+4",5,6,95,7,3.458,3.192,"Non"
13,3080,61536,34,"Niveau bac",14,9,39,11.4,2.71206,1.73394,"Non"
13,3080,61605,63,"Bac+3",8,25,92,5.6,0.886144,4.265856,"Non"
13,3080,61632,56,"Bac+5 et plus",16,19,232,2.8,2.104704,4.391296,"Non"
13,3080,61637,41,"Bac+2",9,8,68,28.3,4.52234,14.72166,"Oui"
13,3080,61638,23,"Bac+4",0,1,53,3,0.62646,0.96354,"Oui"
13,3080,61685,25,"Bac+5 et plus",0,3,32,14.6,1.452992,3.219008,"Oui"
13,3080,61722,22,"Niveau bac",1,1,22,3.2,0.1584,0.5456,"Non"
13,3080,61760,58,"Bac+2",19,9,114,6.4,0.277248,7.018752,"Non"
13,3080,61802,55,"Bac+2",13,11,63,17.5,2.5578,8.4672,"Non"
13,3080,61844,39,"Bac+2",9,5,60,9.2,2.07552,3.44448,"Non"
13,3080,61875,27,"Bac+5 et plus",0,4,30,4.3,0.41925,0.87075,"Non"
13,3080,61920,35,"Bac+2",6,5,32,7.6,0.819584,1.612416,"Non"
13,3080,61946,30,"Bac+4",4,7,30,9.2,0.88872,1.87128,"Non"
13,3080,61952,19,"Bac+2",0,0,23,8.8,1.107128,0.916872,"Non"
13,3080,61972,38,"Bac+4",14,4,98,16.5,1.34211,14.82789,"Non"
13,3080,61980,20,"Bac+2",1,0,19,8,0.78432,0.73568,"Non"
13,3080,62038,43,"Bac+2",14,8,61,10.8,2.17404,4.41396,"Non"
13,3080,62060,25,"Bac+2",2,3,25,9.9,1.3959,1.0791,"Non"
13,3080,62074,41,"Niveau bac",11,5,36,10.2,1.365984,2.306016,"Oui"
13,3080,62109,37,"Bac+3",3,4,36,6.7,0.680184,1.731816,"Non"
13,3080,62155,22,"Niveau bac",0,2,17,3.7,0.135235,0.493765,"Oui"
13,3080,62168,23,"Bac+2",0,3,27,17.6,2.128896,2.623104,"Oui"
13,3080,62184,45,"Bac+4",1,8,60,9.9,1.14048,4.79952,"Oui"
13,3080,62219,19,"Niveau bac",1,0,20,8.8,0.54736,1.21264,"Non"
13,3080,62223,26,"Bac+2",6,3,23,13.6,0.128248,2.999752,"Non"
13,3080,62380,28,"Bac+3",1,3,16,5.2,0.501696,0.330304,"Non"
13,3080,62399,37,"Niveau bac",18,8,36,4.8,0.44064,1.28736,"Non"
13,3080,62534,39,"Bac+3",4,9,78,14,7.2072,3.7128,"Oui"
13,3080,62545,25,"Bac+3",2,2,19,3.4,0.187986,0.458014,"Non"
13,3080,62573,26,"Bac+5 et plus",0,4,19,7.7,0.67298,0.79002,"Non"
13,3080,62602,24,"Niveau bac",8,2,28,6.6,0.262416,1.585584,"Non"
13,3080,62610,61,"Niveau bac",0,10,42,18.4,4.010832,3.717168,"Non"
13,3080,62637,26,"Bac+2",6,2,38,10.6,2.569864,1.458136,"Non"
13,3080,62691,41,"Bac+2",21,8,189,6.3,6.215454,5.691546,"Non"
13,3080,62693,49,"Bac+3",9,16,64,6.1,0.33184,3.57216,"Non"
13,3080,62744,18,"Niveau bac",0,0,20,3.9,0.3705,0.4095,"Non"
13,3080,62792,52,"Bac+4",2,12,96,7.1,2.276544,4.539456,"Oui"
13,3080,62835,27,"Bac+2",6,5,42,9.1,2.186184,1.635816,"Oui"
13,3080,62863,29,"Bac+4",3,3,46,8.1,0.290628,3.435372,"Non"
13,3080,62867,73,"Bac+2",53,25,410,4.1,3.10985,13.70015,"Non"
13,3080,62923,31,"Bac+4",3,5,22,4.6,0.226688,0.785312,"Non"
13,3080,62975,19,"Bac+2",0,0,28,9.1,0.86632,1.68168,"Oui"
13,3080,63023,57,"Bac+2",4,9,39,4.3,0.558441,1.118559,"Non"
13,3080,63041,18,"Bac+2",0,0,19,1.5,0.061845,0.223155,"Non"
13,3080,63054,22,"Niveau bac",1,1,19,8.9,0.488699,1.202301,"Non"
13,3080,63055,21,"Bac+2",0,1,30,4.3,0.17544,1.11456,"Non"
13,3080,63071,33,"Bac+3",4,4,60,9.5,1.6074,4.0926,"Non"
15,4809,70016,21,"Bac+3",0,1,41,23.4,1.96677,7.62723,"Oui"
15,4809,70065,42,"Bac+3",18,15,63,11.3,2.541483,4.577517,"Non"
15,4809,70093,32,"Bac+3",10,5,38,11.5,1.0488,3.3212,"Non"
15,4809,70186,73,"Niveau bac",50,34,289,8.4,7.841148,16.434852,"Non"
15,4809,70221,61,"Bac+4",23,20,81,8.9,1.701324,5.507676,"Non"
15,4809,70248,38,"Bac+5 et plus",2,8,229,6.7,3.943151,11.399849,"Non"
15,4809,70269,46,"Bac+3",13,11,45,22.2,3.32667,6.66333,"Oui"
15,4809,70325,20,"Bac+3",0,0,20,7.2,0.34272,1.09728,"Oui"
15,4809,70403,19,"Bac+2",0,0,24,15.6,0.7488,2.9952,"Oui"
15,4809,70412,28,"Bac+4",0,4,47,18.6,6.705114,2.036886,"Oui"
15,4809,70430,24,"Bac+4",0,2,21,6.6,0.57519,0.81081,"Oui"
15,4809,70522,53,"Niveau bac",1,12,30,8.8,0.4092,2.2308,"Non"
15,4809,70525,35,"Bac+2",14,7,62,8.2,0.604996,4.479004,"Non"
15,4809,70548,43,"Bac+2",7,11,53,3.7,0.853035,1.107965,"Non"
15,4809,70553,32,"Niveau bac",9,6,33,8.1,1.154736,1.518264,"Non"
15,4809,70558,27,"Niveau bac",9,1,28,5.7,0.110124,1.485876,"Non"
15,4809,70673,19,"Bac+2",0,0,31,28.7,5.364891,3.532109,"Oui"
15,4809,70687,18,"Bac+2",0,0,36,6.2,1.051272,1.180728,"Oui"
15,4809,70710,54,"Bac+2",20,15,82,20,4.346,12.054,"Non"
15,4809,70770,43,"Bac+3",0,4,31,2.4,0.284952,0.459048,"Non"
15,4809,70886,26,"Niveau bac",10,3,31,8.8,0.780208,1.947792,"Non"
15,4809,70888,35,"Bac+2",4,2,57,6,1.28934,2.13066,"Non"
15,4809,70907,47,"Bac+2",6,12,34,4.4,0.526592,0.969408,"Non"
15,4809,70938,31,"Bac+5 et plus",2,5,19,15.9,0.93651,2.08449,"Non"
15,4809,71175,56,"Bac+4",14,25,206,27.9,15.288084,42.185916,"Oui"
15,4809,71270,18,"Bac+2",0,0,18,12.7,0.646938,1.639062,"Oui"
15,4809,71417,46,"Bac+2",24,10,78,6.9,2.74482,2.63718,"Non"
15,4809,71424,31,"Bac+2",2,6,45,3.1,0.431055,0.963945,"Non"
15,4809,71431,25,"Bac+2",1,1,16,2.1,0.145488,0.190512,"Non"
15,4809,71439,79,"Niveau bac",63,18,497,8.2,15.07898,25.67502,"Non"
15,4809,71522,43,"Bac+3",21,14,125,11.5,6.325,8.05,"Non"
15,4809,71630,26,"Bac+3",1,4,36,12.5,1.593,2.907,"Non"
15,4809,71699,18,"Niveau bac",0,0,28,17,1.75168,3.00832,"Oui"
15,4809,71730,30,"Bac+2",0,4,25,7.4,0.2627,1.5873,"Non"
15,4809,71758,18,"Bac+2",0,0,35,12.4,1.1284,3.2116,"Non"
15,4809,71761,30,"Niveau bac",13,3,38,4.6,0.335616,1.412384,"Non"
15,4809,71782,21,"Bac+3",0,1,25,6.7,1.291425,0.383575,"Oui"
15,4809,71784,33,"Bac+4",4,9,119,15.3,6.572727,11.634273,"Oui"
15,4809,71812,36,"Bac+2",3,6,28,4.9,0.256564,1.115436,"Non"
15,4809,71817,26,"Bac+2",7,3,49,17.7,5.37726,3.29574,"Oui"
15,4809,71896,20,"Bac+3",0,0,21,1.3,0.180999,0.092001,"Oui"
15,4809,72021,56,"Bac+2",19,8,76,1.2,0.1824,0.7296,"Non"
15,4809,72023,42,"Bac+4",7,12,130,11.6,3.33268,11.74732,"Oui"
15,4809,72147,23,"Bac+4",0,3,47,8.9,0.623267,3.559733,"Non"
15,4809,72213,32,"Bac+3",3,8,86,7.9,2.201256,4.592744,"Non"
15,4809,72221,20,"Bac+3",0,0,30,10.6,2.53446,0.64554,"Oui"
15,4809,72307,26,"Bac+2",1,0,26,11.1,1.694082,1.191918,"Oui"
15,4809,72327,19,"Bac+2",0,0,20,0.1,0.00894,0.01106,"Oui"
15,4809,72385,59,"Bac+3",31,21,102,0.3,0.104958,0.201042,"Non"
15,4809,72447,21,"Bac+3",0,1,13,8.3,0.45318,0.62582,"Oui"
15,4809,72506,39,"Bac+4",14,6,152,27.4,13.410656,28.237344,"Oui"
15,4809,72584,18,"Bac+2",0,0,12,3.3,0.110088,0.285912,"Oui"
15,4809,72633,20,"Bac+2",0,0,38,7.5,0.3648,2.4852,"Non"
15,4809,72635,33,"Bac+4",1,6,23,4.2,0.194166,0.771834,"Oui"
15,4809,72704,19,"Niveau bac",1,0,16,3.4,0.306816,0.237184,"Oui"
15,4809,72756,29,"Bac+3",5,5,52,16.8,5.63472,3.10128,"Non"
15,4809,72803,70,"Bac+3",48,25,165,14.8,0.56166,23.85834,"Non"
15,4809,72806,44,"Niveau bac",22,8,93,9,4.37751,3.99249,"Non"
15,4809,72954,43,"Bac+2",8,11,48,9.7,1.317648,3.338352,"Non"
15,4809,73016,27,"Bac+2",3,4,28,4.2,0.537432,0.638568,"Non"
15,4809,73188,29,"Bac+2",3,5,45,14.1,1.681425,4.663575,"Oui"
15,4809,73525,41,"Bac+2",2,10,40,7.9,0.30968,2.85032,"Non"
15,4809,73537,28,"Bac+4",5,3,30,7,0.462,1.638,"Non"
15,4809,73591,48,"Bac+2",5,10,43,6.9,2.263821,0.703179,"Oui"
15,4809,73703,41,"Bac+2",3,7,62,7,2.8861,1.4539,"Oui"
15,4809,73741,22,"Bac+2",1,2,24,16.1,0.795984,3.068016,"Non"
15,4809,73907,28,"Bac+5 et plus",0,4,50,8.6,0.2795,4.0205,"Non"
15,4809,73999,41,"Bac+2",5,8,37,5.8,0.345506,1.800494,"Non"
15,4809,74006,31,"Bac+2",2,7,42,10.3,0.856548,3.469452,"Oui"
15,4809,74096,19,"Bac+2",0,0,21,14.3,1.219218,1.783782,"Non"
15,4809,74136,31,"Bac+3",1,7,28,2,0.17416,0.38584,"Non"
15,4809,74169,18,"Bac+2",0,0,21,21.8,1.44207,3.13593,"Oui"
15,4809,74209,39,"Bac+2",5,5,39,4.2,0.719082,0.918918,"Non"
15,4809,74272,31,"Bac+4",8,4,29,6.8,1.118124,0.853876,"Non"
15,4809,74287,23,"Niveau bac",3,1,41,5.5,0.674245,1.580755,"Non"
15,4809,74372,25,"Bac+3",3,3,58,20.6,3.500764,8.447236,"Non"
15,4809,74378,29,"Bac+4",3,1,47,2.9,0.53157,0.83143,"Non"
15,4809,74394,38,"Bac+3",15,4,136,20.2,6.758112,20.713888,"Oui"
15,4809,74471,39,"Niveau bac",8,9,41,0.1,0.026896,0.014104,"Non"
15,4809,74498,28,"Bac+4",4,4,20,15.5,0.3038,2.7962,"Oui"
15,4809,74589,61,"Niveau bac",45,22,209,10.9,4.123361,18.657639,"Non"
15,4809,74658,49,"Bac+4",18,13,182,4.8,0.943488,7.792512,"Non"
15,4809,74677,71,"Bac+2",35,19,131,11.6,6.032812,9.163188,"Non"
20,4650,95009,20,"Niveau bac",2,0,20,2.7,0.20088,0.33912,"Oui"
20,4650,95034,20,"Bac+3",0,0,20,11.3,1.96168,0.29832,"Oui"
20,4650,95066,32,"Bac+5 et plus",3,6,59,9,1.85319,3.45681,"Non"
20,4650,95138,42,"Bac+3",2,13,22,13.6,1.463088,1.528912,"Oui"
20,4650,95177,43,"Bac+3",9,9,57,4.5,1.808325,0.756675,"Non"
20,4650,95204,23,"Bac+2",3,2,66,2.7,0.79299,0.98901,"Non"
20,4650,95209,21,"Bac+2",1,0,33,13.1,1.314192,3.008808,"Oui"
20,4650,95220,49,"Bac+3",24,11,90,13.9,8.05644,4.45356,"Non"
20,4650,95372,19,"Bac+2",0,0,28,9.7,1.347136,1.368864,"Oui"
20,4650,95384,24,"Bac+4",0,2,21,11,0.71841,1.59159,"Oui"
20,4650,95388,23,"Bac+4",0,1,30,12.8,2.29632,1.54368,"Oui"
20,4650,95450,43,"Bac+3",13,9,82,9.9,1.777842,6.340158,"Non"
20,4650,95481,28,"Bac+2",8,3,22,5.4,0.165132,1.022868,"Non"
20,4650,95530,26,"Bac+4",2,3,36,14.4,1.89216,3.29184,"Oui"
20,4650,95541,40,"Bac+4",7,11,33,12.4,0.646536,3.445464,"Non"
20,4650,95633,19,"Bac+2",0,0,22,16.8,1.637328,2.058672,"Oui"
20,4650,95641,71,"Niveau bac",18,27,57,11.5,2.58267,3.97233,"Non"
20,4650,95723,72,"Bac+4",26,24,146,12.6,2.11554,16.28046,"Non"
20,4650,95739,45,"Bac+2",1,10,43,2.8,0.384076,0.819924,"Non"
20,4650,95833,20,"Bac+3",0,0,29,17,1.93256,2.99744,"Oui"
20,4650,95858,42,"Bac+2",7,8,47,7.8,1.019148,2.646852,"Non"
20,4650,95998,42,"Bac+2",19,8,63,20.4,5.307876,7.544124,"Non"
20,4650,96001,20,"Bac+3",0,0,28,10.4,0.93184,1.98016,"Oui"
20,4650,96037,20,"Bac+3",0,0,20,13.5,0.5913,2.1087,"Non"
20,4650,96088,34,"Bac+3",11,5,68,11.9,3.366272,4.725728,"Non"
20,4650,96167,61,"Niveau bac",7,22,35,10.4,0.69524,2.94476,"Non"
20,4650,96228,39,"Bac+4",12,9,82,6.2,1.789568,3.294432,"Non"
20,4650,96253,26,"Bac+3",5,2,25,10.8,1.1286,1.5714,"Non"
20,4650,96263,62,"Bac+3",12,10,108,7.3,1.3797,6.5043,"Non"
20,4650,96479,48,"Bac+2",17,8,81,30,11.6397,12.6603,"Oui"
20,4650,96521,39,"Bac+3",17,9,165,3.3,2.553705,2.891295,"Non"
20,4650,96536,51,"Niveau bac",33,13,234,9.6,4.245696,18.218304,"Non"
20,4650,96611,31,"Bac+3",4,6,43,6.9,0.658674,2.308326,"Non"
20,4650,96627,45,"Bac+3",19,7,286,5,4.5331,9.7669,"Non"
20,4650,96732,28,"Bac+2",9,3,36,3.2,0.089856,1.062144,"Non"
20,4650,97000,61,"Bac+2",22,6,108,22.2,6.041952,17.934048,"Non"
20,4650,97045,24,"Bac+2",5,3,31,10.4,0.699608,2.524392,"Non"
20,4650,97048,45,"Niveau bac",12,10,44,9.8,1.59544,2.71656,"Non"
20,4650,97173,19,"Bac+2",0,0,25,3.9,0.68055,0.29445,"Oui"
20,4650,97191,28,"Bac+2",2,5,26,23.6,0.73632,5.39968,"Oui"
20,4650,97247,40,"Bac+4",3,10,35,10,1.085,2.415,"Oui"
20,4650,97289,25,"Bac+4",1,1,27,14.2,0.456246,3.377754,"Non"
20,4650,97355,40,"Bac+3",15,4,78,15.5,3.51819,8.57181,"Non"
20,4650,97357,37,"Bac+5 et plus",1,10,90,1.8,0.25434,1.36566,"Non"
20,4650,97402,56,"Bac+2",35,14,236,3.9,6.682104,2.521896,"Non"
20,4650,97548,33,"Bac+3",8,4,102,28.8,7.93152,21.44448,"Oui"
20,4650,97595,66,"Bac+3",30,22,104,6.7,2.285504,4.682496,"Non"
20,4650,97629,18,"Bac+2",0,0,28,9.9,1.047816,1.724184,"Non"
20,4650,97815,52,"Bac+3",28,23,108,3.9,2.2113,2.0007,"Non"
20,4650,97911,51,"Bac+2",3,14,19,4.9,0.340746,0.590254,"Non"
20,4650,97992,34,"Bac+2",6,4,45,9.1,1.3104,2.7846,"Non"
20,4650,98023,19,"Bac+2",0,0,18,6.3,0.259686,0.874314,"Non"
20,4650,98041,52,"Niveau bac",33,12,80,9,1.0584,6.1416,"Non"
20,4650,98114,24,"Niveau bac",2,2,29,23.6,0.465392,6.378608,"Non"
20,4650,98144,35,"Bac+4",5,4,47,16.1,3.17814,4.38886,"Oui"
20,4650,98195,29,"Bac+4",1,4,50,15.1,2.6727,4.8773,"Oui"
20,4650,98277,47,"Bac+2",10,10,48,7,1.97568,1.38432,"Non"
20,4650,98410,26,"Bac+3",4,4,50,0.8,0.1324,0.2676,"Non"
20,4650,98648,19,"Bac+2",0,0,36,6.7,0.890028,1.521972,"Non"
20,4650,98678,51,"Bac+2",28,20,134,4.1,1.752586,3.741414,"Non"
20,4650,98849,46,"Niveau bac",13,12,94,15.7,8.308754,6.449246,"Oui"
20,4650,98854,23,"Bac+3",1,1,30,13.6,2.04,2.04,"Oui"
20,4650,98855,19,"Bac+2",0,0,20,5.6,0.15568,0.96432,"Oui"
20,4650,98961,23,"Bac+2",3,1,27,17.8,0.927558,3.878442,"Oui"
20,4650,98987,21,"Bac+3",0,0,35,6.8,0.90916,1.47084,"Oui"
20,4650,99058,20,"Bac+3",0,0,35,5.8,0.76125,1.26875,"Non"
20,4650,99139,23,"Bac+4",0,2,36,1.1,0.10494,0.29106,"Non"
20,4650,99161,46,"Bac+3",2,14,27,12.1,0.545589,2.721411,"Non"
20,4650,99306,43,"Bac+2",20,8,180,7.3,4.2048,8.9352,"Non"
20,4650,99337,27,"Bac+2",5,3,28,5.2,0.496496,0.959504,"Non"
20,4650,99378,22,"Bac+3",1,2,27,9.8,0.246078,2.399922,"Non"
20,4650,99388,41,"Bac+2",13,7,50,14.2,3.7204,3.3796,"Oui"
20,4650,99436,20,"Bac+3",0,0,45,7.7,1.14345,2.32155,"Oui"
20,4650,99476,68,"Bac+2",0,17,22,12.5,1.0505,1.6995,"Non"
20,4650,99524,31,"Bac+4",0,7,41,3.8,1.11397,0.44403,"Non"
20,4650,99592,54,"Bac+2",2,21,32,6.7,0.173664,1.970336,"Non"
20,4650,99634,32,"Bac+2",12,6,61,8.2,0.295118,4.706882,"Non"
25,3491,120070,27,"Bac+2",4,2,34,15.1,0.836842,4.297158,"Non"
25,3491,120117,47,"Bac+2",13,19,58,3.5,0.61915,1.41085,"Non"
25,3491,120174,69,"Bac+4",7,20,75,13.5,1.03275,9.09225,"Oui"
25,3491,120175,45,"Bac+2",7,8,32,5.4,0.1296,1.5984,"Non"
25,3491,120194,29,"Bac+3",2,5,31,6.8,1.41236,0.69564,"Non"
25,3491,120199,29,"Bac+3",4,5,67,7.9,0.931568,4.361432,"Non"
25,3491,120278,27,"Niveau bac",5,2,33,5.1,0.578952,1.104048,"Non"
25,3491,120304,21,"Bac+3",0,1,55,17.1,6.90327,2.50173,"Oui"
25,3491,120306,26,"Bac+3",4,4,28,15,2.3814,1.8186,"Non"
25,3491,120397,56,"Bac+3",26,13,384,11.2,23.310336,19.697664,"Oui"
25,3491,120428,38,"Bac+4",4,8,91,3.9,1.015014,2.533986,"Oui"
25,3491,120482,42,"Bac+4",17,8,54,10.3,0.294786,5.267214,"Non"
25,3491,120614,37,"Bac+2",17,6,123,10.6,3.885324,9.152676,"Non"
25,3491,120633,64,"Bac+3",15,22,227,29.9,35.97269,31.90031,"Oui"
25,3491,120651,39,"Bac+2",0,10,38,7.5,0.1995,2.6505,"Non"
25,3491,120658,21,"Bac+2",1,0,20,20.3,0.41412,3.64588,"Non"
25,3491,120708,30,"Bac+4",5,3,62,2.6,0.70122,0.91078,"Non"
25,3491,120724,52,"Bac+2",9,12,72,15.4,4.080384,7.007616,"Non"
25,3491,120769,40,"Bac+4",5,9,62,8,1.49296,3.46704,"Oui"
25,3491,120942,19,"Bac+2",0,0,37,3,0.21312,0.89688,"Non"
25,3491,120999,22,"Bac+4",0,0,36,3.3,0.277992,0.910008,"Non"
25,3491,121055,36,"Bac+5 et plus",7,12,67,8.2,3.098616,2.395384,"Non"
25,3491,121097,47,"Bac+3",14,16,36,0.9,0.083916,0.240084,"Non"
25,3491,121151,32,"Bac+3",10,7,70,3.2,0.85344,1.38656,"Oui"
25,3491,121202,20,"Bac+2",0,0,26,4,0.39104,0.64896,"Oui"
25,3491,121206,22,"Bac+4",0,2,31,7.6,0.197904,2.158096,"Non"
25,3491,121261,23,"Bac+4",0,2,45,10.7,0.611505,4.203495,"Oui"
25,3491,121287,34,"Niveau bac",6,6,33,6.4,0.525888,1.586112,"Non"
25,3491,121353,23,"Bac+3",2,2,47,14.6,2.936936,3.925064,"Oui"
25,3491,121366,35,"Niveau bac",5,8,62,8.5,1.98679,3.28321,"Oui"
25,3491,121498,26,"Bac+2",2,4,30,40.7,5.4945,6.7155,"Oui"
25,3491,121541,18,"Bac+2",0,0,33,8.2,0.836154,1.869846,"Oui"
25,3491,121565,31,"Bac+2",11,8,47,26.9,3.514754,9.128246,"Non"
25,3491,121595,33,"Bac+3",3,2,46,3.8,0.407284,1.340716,"Non"
25,3491,121735,20,"Niveau bac",2,0,20,18.8,1.19192,2.56808,"Oui"
25,3491,121777,22,"Niveau bac",4,1,24,4.4,0.531168,0.524832,"Non"
25,3491,121795,26,"Bac+4",0,2,103,14.3,8.54282,6.18618,"Oui"
25,3491,121865,30,"Niveau bac",13,2,42,15.3,0.944622,5.481378,"Non"
25,3491,121921,40,"Bac+3",15,5,53,23.5,1.905615,10.549385,"Oui"
25,3491,122000,53,"Bac+2",24,8,129,2.7,1.006587,2.476413,"Non"
25,3491,122036,70,"Bac+2",27,21,92,9.3,3.011712,5.544288,"Non"
25,3491,122060,26,"Bac+5 et plus",0,3,49,4.4,0.94864,1.20736,"Non"
25,3491,122066,43,"Bac+2",16,7,119,18.1,8.163281,13.375719,"Oui"
25,3491,122084,38,"Bac+3",3,3,34,3.9,0.863226,0.462774,"Non"
25,3491,122192,24,"Bac+4",0,1,35,1.2,0.04242,0.37758,"Oui"
25,3491,122205,44,"Bac+4",21,14,314,4.7,3.497646,11.260354,"Non"
25,3491,122365,62,"Bac+5 et plus",31,14,699,5.9,6.59856,34.64244,"Non"
25,3491,122372,52,"Bac+3",24,10,403,5.1,8.323965,12.229035,"Non"
25,3491,122460,33,"Bac+4",3,2,40,1.2,0.25536,0.22464,"Non"
25,3491,122575,34,"Bac+2",4,8,46,5.5,0.70334,1.82666,"Non"
25,3491,122602,54,"Bac+4",0,14,66,9.6,1.983168,4.352832,"Non"
25,3491,122609,61,"Niveau bac",0,24,25,33,3.42375,4.82625,"Oui"
25,3491,122620,44,"Bac+5 et plus",2,13,91,4.8,1.022112,3.345888,"Oui"
25,3491,122653,22,"Bac+2",0,2,16,9.8,0.312032,1.255968,"Oui"
25,3491,122655,19,"Niveau bac",3,0,21,7.1,0.484575,1.006425,"Non"
25,3491,122694,20,"Bac+2",0,0,26,8.9,0.504452,1.809548,"Non"
25,3491,122889,35,"Bac+4",10,7,44,0.5,0.10846,0.11154,"Non"
25,3491,122943,24,"Bac+4",0,2,28,4,0.70448,0.41552,"Non"
25,3491,122999,30,"Bac+5 et plus",1,6,33,7.4,0.632478,1.809522,"Non"
25,3491,123027,21,"Niveau bac",1,1,29,24,2.19936,4.76064,"Non"
25,3491,123059,38,"Bac+5 et plus",9,11,66,1.2,0.589248,0.202752,"Non"
25,3491,123079,21,"Bac+2",1,1,37,8.5,0.896325,2.248675,"Non"
25,3491,123081,45,"Bac+4",7,13,42,36.8,10.185504,5.270496,"Oui"
25,3491,123128,22,"Bac+4",0,1,74,7.5,1.85925,3.69075,"Oui"
25,3491,123148,56,"Bac+2",34,21,475,2.3,3.878375,7.046625,"Non"
25,3491,123179,37,"Bac+2",9,11,41,2.9,0.110577,1.078423,"Non"
25,3491,123217,29,"Bac+2",3,2,42,9.3,1.765512,2.140488,"Non"
25,3491,123230,37,"Bac+4",10,6,97,8.3,2.01275,6.03825,"Non"
25,3491,123242,20,"Niveau bac",3,0,21,17.9,0.52626,3.23274,"Oui"
25,3491,123373,30,"Bac+3",6,4,20,9.7,0.51216,1.42784,"Oui"
25,3491,123402,26,"Bac+4",0,3,36,17.9,3.015792,3.428208,"Oui"
25,3491,123404,18,"Bac+2",0,0,47,3.6,1.213164,0.478836,"Non"
25,3491,123432,31,"Niveau bac",5,7,27,4.2,0.559062,0.574938,"Non"
25,3491,123464,44,"Bac+3",8,8,49,16.3,2.459996,5.527004,"Oui"
25,3491,123468,19,"Bac+2",0,0,24,12.5,0.936,2.064,"Oui"
49,4358,240017,77,"Bac+5 et plus",2,24,28,10.6,1.371216,1.596784,"Non"
49,4358,240070,37,"Bac+4",0,9,83,14.9,5.899059,6.467941,"Oui"
49,4358,240093,35,"Bac+4",9,6,123,6.1,1.703181,5.799819,"Non"
49,4358,240152,24,"Bac+4",0,0,64,13,3.97696,4.34304,"Oui"
49,4358,240202,59,"Bac+4",19,21,174,27.9,16.408548,32.137452,"Oui"
49,4358,240252,18,"Bac+2",0,0,27,4.1,0.169371,0.937629,"Oui"
49,4358,240302,38,"Bac+4",6,7,25,31.3,2.214475,5.610525,"Oui"
49,4358,240360,27,"Bac+3",3,5,26,2,0.0416,0.4784,"Oui"
49,4358,240403,49,"Bac+2",15,11,35,3,0.735,0.315,"Non"
49,4358,240497,24,"Bac+3",1,2,23,14.8,0.796536,2.607464,"Oui"
49,4358,240505,27,"Bac+4",3,5,36,16.2,1.388016,4.443984,"Oui"
49,4358,240612,26,"Bac+2",2,4,26,14.5,0.55796,3.21204,"Non"
49,4358,240623,32,"Bac+4",0,6,37,3.1,0.592999,0.554001,"Oui"
49,4358,240675,53,"Bac+5 et plus",16,13,51,4.1,0.949314,1.141686,"Non"
49,4358,240676,19,"Bac+2",0,0,17,14.1,1.035504,1.361496,"Oui"
49,4358,240680,18,"Bac+2",0,0,19,6.4,0.3952,0.8208,"Oui"
49,4358,240694,19,"Bac+2",1,0,21,7.9,1.104894,0.554106,"Oui"
49,4358,240697,51,"Bac+2",25,16,96,21.5,7.30656,13.33344,"Non"
49,4358,240705,30,"Bac+5 et plus",3,2,40,16.9,2.21728,4.54272,"Oui"
49,4358,240722,63,"Niveau bac",22,21,61,13.5,1.82817,6.40683,"Non"
49,4358,240764,30,"Bac+4",1,4,73,29.8,7.048296,14.705704,"Oui"
49,4358,240789,27,"Bac+4",3,3,43,4.5,0.57663,1.35837,"Non"
49,4358,240792,42,"Bac+2",15,9,46,13.1,1.060576,4.965424,"Non"
49,4358,240895,24,"Bac+4",0,3,44,13.5,2.38194,3.55806,"Oui"
49,4358,241132,25,"Bac+2",3,2,23,5,0.27945,0.87055,"Non"
49,4358,241163,24,"Bac+4",0,3,49,5,0.8722,1.5778,"Oui"
49,4358,241191,36,"Bac+3",9,7,76,5.7,0.294576,4.037424,"Non"
49,4358,241279,44,"Bac+2",11,12,50,22,2.112,8.888,"Non"
49,4358,241350,23,"Bac+3",0,1,45,15.8,1.12338,5.98662,"Non"
49,4358,241424,32,"Bac+3",1,4,26,3.3,0.236808,0.621192,"Non"
49,4358,241525,32,"Bac+2",9,7,53,14.9,5.812192,2.084808,"Oui"
49,4358,241582,30,"Bac+3",3,6,34,14.3,2.255968,2.606032,"Oui"
49,4358,241594,30,"Niveau bac",4,3,36,9.6,0.82944,2.62656,"Oui"
49,4358,241732,23,"Niveau bac",0,2,16,17.2,0.90816,1.84384,"Oui"
49,4358,241770,46,"Niveau bac",11,8,61,10.4,3.444792,2.899208,"Non"
49,4358,241837,59,"Niveau bac",33,17,308,6.7,7.387688,13.248312,"Non"
49,4358,241859,39,"Bac+5 et plus",1,10,185,7,10.45065,2.49935,"Oui"
49,4358,241980,29,"Bac+5 et plus",3,3,55,27.1,8.3468,6.5582,"Oui"
49,4358,242108,30,"Niveau bac",12,5,35,5.7,1.33665,0.65835,"Non"
49,4358,242216,23,"Bac+4",0,2,29,9.4,0.839608,1.886392,"Oui"
49,4358,242303,22,"Bac+4",0,1,76,7.7,3.616536,2.235464,"Non"
49,4358,242345,27,"Bac+4",0,4,46,1.9,0.232484,0.641516,"Oui"
49,4358,242430,30,"Bac+3",0,5,70,6.9,0.37191,4.45809,"Oui"
49,4358,242464,42,"Bac+5 et plus",12,13,34,6.1,0.557906,1.516094,"Non"
49,4358,242467,29,"Bac+4",2,3,55,15.6,1.48434,7.09566,"Oui"
49,4358,242560,34,"Bac+4",8,7,30,5.7,1.08243,0.62757,"Non"
49,4358,242597,31,"Bac+2",11,7,51,12.4,4.135896,2.188104,"Oui"
49,4358,242601,35,"Bac+4",10,4,53,19,3.63527,6.43473,"Non"
49,4358,242691,19,"Niveau bac",2,0,21,12,0.15372,2.36628,"Non"
49,4358,242840,25,"Bac+4",0,2,35,0.6,0.07119,0.13881,"Non"
49,4358,243028,38,"Bac+5 et plus",11,8,40,8.8,1.6544,1.8656,"Non"
49,4358,243048,18,"Bac+2",0,0,34,2.8,0.292264,0.659736,"Non"
49,4358,243058,53,"Bac+2",10,14,62,13.4,2.376088,5.931912,"Oui"
49,4358,243076,31,"Niveau bac",10,5,60,27.3,6.27354,10.10646,"Oui"
49,4358,243086,19,"Bac+2",0,0,21,2.5,0.03255,0.49245,"Non"
49,4358,243118,20,"Niveau bac",2,0,18,2.3,0.05589,0.35811,"Non"
49,4358,243175,21,"Bac+2",2,1,22,9.2,1.048432,0.975568,"Oui"
49,4358,243209,19,"Bac+2",0,0,17,5.5,0.50864,0.42636,"Non"
49,4358,243351,65,"Bac+2",25,20,48,7.7,2.812656,0.883344,"Non"
49,4358,243457,45,"Bac+5 et plus",18,12,88,9.6,4.038144,4.409856,"Non"
49,4358,243535,21,"Bac+3",0,1,22,1.5,0.09702,0.23298,"Non"
49,4358,243547,54,"Bac+3",8,10,67,10.5,1.245195,5.789805,"Non"
49,4358,243554,22,"Bac+4",0,2,24,8,0.63936,1.28064,"Oui"
49,4358,243564,20,"Bac+3",0,0,23,14.2,1.86162,1.40438,"Oui"
49,4358,243569,41,"Bac+2",12,9,58,13.1,3.783804,3.814196,"Non"
49,4358,243578,36,"Bac+2",14,3,71,6.9,1.425609,3.473391,"Non"
49,4358,243673,23,"Bac+2",2,2,34,3.3,0.21879,0.90321,"Non"
49,4358,243859,46,"Bac+3",8,6,119,5.6,1.112888,5.551112,"Oui"
49,4358,243958,39,"Bac+3",9,8,69,6,0.55476,3.58524,"Non"
49,4358,243998,54,"Bac+4",4,9,69,12,1.17576,7.10424,"Non"
49,4358,244010,75,"Niveau bac",22,23,56,7.8,1.786512,2.581488,"Non"
49,4358,244023,31,"Bac+4",1,7,69,0.4,0.189336,0.086664,"Non"
49,4358,244034,55,"Bac+2",32,8,229,4.9,3.02967,8.19133,"Non"
49,4358,244067,20,"Bac+3",0,0,18,17.4,0.42282,2.70918,"Non"
49,4358,244106,39,"Bac+5 et plus",3,9,42,15.2,3.077088,3.306912,"Non"
49,4358,244123,37,"Bac+3",2,8,55,8,1.6412,2.7588,"Non"
49,4358,244159,20,"Bac+3",0,0,41,4.3,0.470721,1.292279,"Non"
49,4358,244190,57,"Bac+4",10,10,149,10,3.6356,11.2644,"Non"
49,4358,244208,50,"Niveau bac",20,15,117,7.6,3.147768,5.744232,"Non"
49,4358,244269,33,"Niveau bac",2,7,28,1.6,0.13888,0.30912,"Non"
49,4358,244280,36,"Niveau bac",16,10,44,7.4,1.960112,1.295888,"Non"
49,4358,244337,37,"Bac+3",12,11,121,13.6,4.68996,11.76604,"Non"
49,4358,244354,27,"Bac+5 et plus",0,4,24,6.1,0.165432,1.298568,"Oui"
60,4098,295009,28,"Bac+4",5,5,112,9.9,0.931392,10.156608,"Non"
60,4098,295028,27,"Bac+3",4,5,40,13.2,3.72768,1.55232,"Non"
60,4098,295035,32,"Bac+3",4,3,37,4.1,0.477855,1.039145,"Oui"
60,4098,295083,24,"Bac+4",0,2,35,12.1,2.469005,1.765995,"Oui"
60,4098,295134,20,"Bac+2",0,0,44,3.9,1.065636,0.650364,"Non"
60,4098,295153,39,"Bac+4",16,4,47,16.5,4.15668,3.59832,"Non"
60,4098,295187,38,"Bac+4",11,8,145,18.5,1.44855,25.37645,"Non"
60,4098,295193,65,"Bac+2",38,11,352,2.5,0.3872,8.4128,"Non"
60,4098,295270,56,"Bac+2",34,19,215,13.9,14.374685,15.510315,"Non"
60,4098,295339,20,"Niveau bac",0,1,18,9.5,0.15903,1.55097,"Non"
60,4098,295367,62,"Niveau bac",4,13,27,13.2,1.72854,1.83546,"Non"
60,4098,295386,39,"Bac+2",13,8,112,21.2,4.63008,19.11392,"Oui"
60,4098,295449,29,"Bac+4",3,2,102,9.8,4.828068,5.167932,"Oui"
60,4098,295465,30,"Bac+4",4,6,46,3.9,1.2558,0.5382,"Non"
60,4098,295472,52,"Bac+3",21,14,121,2.4,0.389136,2.514864,"Non"
60,4098,295518,48,"Bac+5 et plus",19,11,326,10.6,21.182828,13.373172,"Oui"
60,4098,295658,20,"Niveau bac",2,0,42,3.1,0.893172,0.408828,"Oui"
60,4098,295711,68,"Niveau bac",51,26,274,7,8.59264,10.58736,"Non"
60,4098,295815,47,"Niveau bac",16,15,51,14.2,3.396498,3.845502,"Non"
60,4098,295930,36,"Bac+2",9,10,35,0.8,0.08652,0.19348,"Non"
60,4098,295938,30,"Bac+4",1,6,107,8.9,1.437973,8.085027,"Oui"
60,4098,296049,24,"Bac+4",0,2,49,13.6,3.038784,3.625216,"Oui"
60,4098,296068,31,"Bac+2",0,6,34,4.2,0.714,0.714,"Oui"
60,4098,296183,41,"Bac+4",15,13,89,9.2,2.554656,5.633344,"Non"
60,4098,296309,19,"Bac+2",0,0,25,24.7,1.228825,4.946175,"Oui"
60,4098,296317,20,"Bac+3",0,1,23,1,0.02369,0.20631,"Non"
60,4098,296325,30,"Bac+2",8,5,65,9.2,2.44582,3.53418,"Non"
60,4098,296347,42,"Bac+2",5,12,72,19.3,0.250128,13.645872,"Non"
60,4098,296493,24,"Bac+4",0,2,38,1.6,0.034048,0.573952,"Non"
60,4098,296589,38,"Bac+2",16,6,71,6.6,1.537008,3.148992,"Non"
60,4098,296685,48,"Bac+2",7,11,80,3.7,0.78736,2.17264,"Non"
60,4098,296709,49,"Bac+4",0,11,77,2,0.20944,1.33056,"Non"
60,4098,296763,18,"Bac+2",0,0,29,25.9,2.388498,5.122502,"Oui"
60,4098,296812,64,"Bac+2",11,28,27,2.4,0.082296,0.565704,"Non"
60,4098,296988,49,"Bac+3",2,17,36,23.6,2.659248,5.836752,"Oui"
60,4098,297063,28,"Bac+2",3,5,64,9.4,1.034752,4.981248,"Oui"
60,4098,297090,27,"Bac+2",4,3,32,6.7,0.555296,1.588704,"Oui"
60,4098,297143,24,"Bac+4",0,2,40,8.6,1.204,2.236,"Non"
60,4098,297166,23,"Niveau bac",2,2,38,12.2,2.22528,2.41072,"Oui"
60,4098,297181,43,"Bac+5 et plus",3,8,30,3.1,0.34224,0.58776,"Non"
60,4098,297207,29,"Bac+5 et plus",1,5,51,12.5,2.428875,3.946125,"Non"
60,4098,297308,22,"Bac+4",0,1,20,6.5,0.6019,0.6981,"Oui"
60,4098,297357,30,"Bac+3",8,3,65,8.8,1.9162,3.8038,"Non"
60,4098,297360,37,"Bac+3",3,4,57,10.8,0.720252,5.435748,"Oui"
60,4098,297382,27,"Bac+2",4,1,36,14.7,1.460592,3.831408,"Oui"
60,4098,297384,22,"Bac+4",0,1,29,3.7,0.079402,0.993598,"Non"
60,4098,297466,28,"Bac+5 et plus",1,3,77,0.2,0.057596,0.096404,"Non"
60,4098,297533,69,"Bac+2",24,22,84,20.2,5.633376,11.334624,"Non"
60,4098,297538,26,"Bac+2",5,2,42,10.6,2.128056,2.323944,"Oui"
60,4098,297698,51,"Bac+3",9,15,96,16.8,0.580608,15.547392,"Oui"
60,4098,297702,20,"Bac+3",0,0,77,9.6,3.851232,3.540768,"Oui"
60,4098,297820,24,"Bac+3",2,0,43,7.3,1.243044,1.895956,"Non"
60,4098,297849,53,"Niveau bac",17,9,59,0.5,0.032155,0.262845,"Non"
60,4098,297867,29,"Bac+2",0,4,28,4.7,0.139496,1.176504,"Oui"
60,4098,297897,52,"Bac+3",28,16,368,21.3,24.063888,54.320112,"Oui"
60,4098,297922,28,"Bac+3",4,4,20,21.1,0.5697,3.6503,"Non"
60,4098,297926,35,"Bac+2",17,5,160,13.5,9.072,12.528,"Oui"
60,4098,298020,34,"Bac+4",2,4,46,22.5,1.21095,9.13905,"Non"
60,4098,298250,39,"Niveau bac",20,10,52,19.7,2.325388,7.918612,"Non"
60,4098,298314,33,"Bac+4",4,6,24,27.7,3.204336,3.443664,"Oui"
60,4098,298328,65,"Bac+2",38,25,231,9.3,2.019402,19.463598,"Non"
60,4098,298383,35,"Bac+3",10,8,263,4.9,9.265753,3.621247,"Oui"
60,4098,298392,41,"Bac+2",22,7,226,17.4,7.117644,32.206356,"Oui"
60,4098,298415,23,"Bac+3",0,1,33,1.7,0.244035,0.316965,"Non"
60,4098,298439,23,"Niveau bac",5,1,23,24.3,3.504303,2.084697,"Oui"
60,4098,298509,34,"Bac+5 et plus",0,5,120,6.4,5.55264,2.12736,"Oui"
60,4098,298541,18,"Bac+2",0,0,30,19.8,2.29878,3.64122,"Oui"
60,4098,298547,29,"Bac+5 et plus",3,2,26,7.8,0.458328,1.569672,"Non"
60,4098,298629,37,"Niveau bac",14,4,67,13.4,2.118808,6.859192,"Non"
60,4098,298696,37,"Bac+3",4,6,53,15.5,1.26511,6.94989,"Non"
60,4098,298857,45,"Bac+4",16,13,53,5.7,0.933489,2.087511,"Non"
60,4098,298915,48,"Bac+3",4,12,57,12.1,2.462229,4.434771,"Non"
60,4098,298944,36,"Niveau bac",12,5,55,5.8,1.19625,1.99375,"Non"
60,4098,298965,26,"Bac+2",1,3,42,1.5,0.08379,0.54621,"Oui"
60,4098,298976,37,"Bac+2",2,9,31,9.6,1.538592,1.437408,"Non"
60,4098,298996,27,"Bac+4",1,2,21,14.4,0.517104,2.506896,"Non"
60,4098,299036,26,"Niveau bac",6,2,46,9.8,0.3381,4.1699,"Non"
64,1919,315016,32,"Bac+3",7,5,34,10.7,0.516596,3.121404,"Non"
64,1919,315053,23,"Bac+3",0,1,16,7.8,0.351936,0.896064,"Non"
64,1919,315060,58,"Bac+3",18,13,54,4.2,0.821016,1.446984,"Non"
64,1919,315086,34,"Niveau bac",0,7,26,1.9,0.175864,0.318136,"Non"
64,1919,315102,30,"Bac+2",0,4,17,4.9,0.411502,0.421498,"Oui"
64,1919,315108,25,"Bac+3",2,3,52,7.7,1.073072,2.930928,"Non"
64,1919,315169,34,"Bac+4",1,7,40,17.6,1.67552,5.36448,"Oui"
64,1919,315203,64,"Niveau bac",7,26,24,6.5,0.29172,1.26828,"Non"
64,1919,315234,21,"Bac+2",1,1,29,0.9,0.023229,0.237771,"Non"
64,1919,315273,50,"Bac+4",9,11,24,15.7,0.58404,3.18396,"Non"
64,1919,315276,25,"Bac+4",0,2,29,15.7,1.825753,2.727247,"Oui"
64,1919,315313,27,"Bac+2",6,5,20,13.2,1.44408,1.19592,"Non"
64,1919,315326,25,"Bac+3",4,3,41,18.4,2.006704,5.537296,"Non"
64,1919,315336,27,"Bac+4",3,5,41,4.8,0.554976,1.413024,"Oui"
64,1919,315373,26,"Bac+2",4,4,31,5.5,0.25234,1.45266,"Non"
64,1919,315412,49,"Bac+2",6,12,49,1.7,0.504798,0.328202,"Non"
64,1919,315422,30,"Bac+2",4,2,55,5.5,1.452,1.573,"Non"
64,1919,315442,37,"Niveau bac",16,8,43,5.6,0.642936,1.765064,"Non"
64,1919,315481,34,"Bac+2",9,3,62,8,0.3968,4.5632,"Non"
64,1919,315507,50,"Bac+4",23,11,104,4.8,0.933504,4.058496,"Non"
64,1919,315514,19,"Bac+2",0,0,20,3.1,0.25978,0.36022,"Oui"
64,1919,315544,18,"Bac+2",0,0,15,12.2,0.366,1.464,"Non"
64,1919,315548,24,"Bac+4",0,2,32,5.6,0.249088,1.542912,"Oui"
64,1919,315568,30,"Bac+2",5,6,26,14.8,0.973544,2.874456,"Oui"
64,1919,315609,36,"Bac+2",1,4,55,19.6,6.3602,4.4198,"Oui"
64,1919,315619,32,"Bac+4",0,5,38,3.7,0.181374,1.224626,"Oui"
64,1919,315633,41,"Bac+4",2,7,94,7,1.16466,5.41534,"Non"
64,1919,315665,47,"Bac+2",28,11,189,3.2,4.179168,1.868832,"Non"
64,1919,315754,53,"Bac+5 et plus",9,11,97,22.3,9.214806,12.416194,"Oui"
64,1919,315800,18,"Bac+2",0,0,14,4.3,0.149898,0.452102,"Non"
64,1919,315821,28,"Niveau bac",7,2,52,22.1,6.78028,4.71172,"Oui"
64,1919,315831,34,"Bac+2",4,8,49,3.1,0.036456,1.482544,"Non"
64,1919,315838,20,"Niveau bac",2,0,16,4.7,0.253424,0.498576,"Non"
64,1919,315857,34,"Niveau bac",11,6,54,10.6,3.11958,2.60442,"Non"
64,1919,315898,34,"Bac+2",8,7,30,24.3,0.21141,7.07859,"Non"
64,1919,316013,21,"Bac+2",0,1,20,2.2,0.10076,0.33924,"Non"
64,1919,316033,27,"Bac+5 et plus",0,3,25,22.9,1.08775,4.63725,"Oui"
64,1919,316060,35,"Bac+2",15,3,30,21.3,1.28439,5.10561,"Non"
64,1919,316077,22,"Bac+4",0,2,26,6,0.0156,1.5444,"Non"
64,1919,316104,65,"Niveau bac",38,13,143,11.1,1.174602,14.698398,"Non"
64,1919,316135,43,"Bac+3",5,11,27,21.2,2.827656,2.896344,"Oui"
64,1919,316149,23,"Bac+4",0,2,23,18,0.50922,3.63078,"Oui"
64,1919,316159,66,"Bac+2",43,22,152,9,5.0616,8.6184,"Non"
64,1919,316172,25,"Bac+2",3,2,48,8.2,2.865408,1.070592,"Oui"
64,1919,316193,35,"Bac+4",0,11,84,3.4,1.182384,1.673616,"Non"
64,1919,316201,19,"Bac+2",0,0,20,12.8,1.14176,1.41824,"Non"
64,1919,316230,25,"Bac+4",1,1,20,6.9,0.42504,0.95496,"Oui"
64,1919,316244,23,"Bac+4",0,1,62,3,0.558,1.302,"Oui"
64,1919,316258,23,"Bac+3",2,1,40,21.2,2.65424,5.82576,"Oui"
64,1919,316268,49,"Bac+3",12,11,85,4.5,2.291175,1.533825,"Non"
64,1919,316281,45,"Bac+4",6,10,59,10.6,3.802432,2.451568,"Non"
64,1919,316289,45,"Bac+2",10,13,45,2.9,0.18531,1.11969,"Non"
64,1919,316302,32,"Bac+4",6,7,31,5.2,0.37882,1.23318,"Non"
64,1919,316305,28,"Bac+4",0,4,60,0.5,0.0825,0.2175,"Non"
64,1919,316315,19,"Bac+2",0,0,19,4.4,0.0627,0.7733,"Non"
64,1919,316359,34,"Bac+3",0,6,24,9.4,0.076704,2.179296,"Oui"
64,1919,316361,51,"Bac+3",2,15,34,7.2,1.767456,0.680544,"Non"
64,1919,316431,28,"Bac+2",4,4,25,34.8,1.044,7.656,"Oui"
64,1919,316510,24,"Bac+4",0,1,63,26.9,7.185528,9.761472,"Oui"
64,1919,316518,41,"Bac+5 et plus",9,14,87,4.4,0.777084,3.050916,"Non"
64,1919,316521,23,"Bac+4",0,1,35,15,0.399,4.851,"Oui"
64,1919,316569,42,"Bac+2",18,5,176,5.6,3.912832,5.943168,"Non"
64,1919,316583,27,"Bac+2",3,4,26,2.6,0.093964,0.582036,"Non"
64,1919,316622,34,"Bac+2",9,3,29,11.6,1.063024,2.300976,"Oui"
64,1919,316655,66,"Bac+2",9,23,54,15.8,1.339524,7.192476,"Non"
64,1919,316681,19,"Bac+2",0,0,20,12.7,1.21666,1.32334,"Non"
64,1919,316735,33,"Bac+5 et plus",2,7,79,23.7,10.466157,8.256843,"Oui"
64,1919,316737,22,"Bac+3",1,1,17,25.4,2.379218,1.938782,"Oui"
64,1919,316777,40,"Bac+2",5,7,43,23.9,3.689443,6.587557,"Oui"
64,1919,316798,55,"Bac+5 et plus",25,12,73,19.1,5.800288,8.142712,"Non"
64,1919,316809,25,"Bac+4",1,1,15,8.9,0.559365,0.775635,"Oui"
64,1919,316824,23,"Bac+3",0,1,30,6.9,0.55476,1.51524,"Non"
64,1919,316838,37,"Bac+4",13,5,225,1.1,1.418175,1.056825,"Non"
64,1919,316862,18,"Bac+2",0,0,21,6.6,0.07623,1.30977,"Oui"
64,1919,316907,42,"Bac+5 et plus",6,8,20,15.3,1.43208,1.62792,"Oui"
68,3388,335024,33,"Bac+2",9,5,34,12.7,3.160776,1.157224,"Oui"
68,3388,335038,58,"Bac+4",26,21,132,2.4,0.975744,2.192256,"Non"
68,3388,335114,58,"Bac+3",24,24,138,3.9,2.857842,2.524158,"Non"
68,3388,335125,48,"Bac+2",12,12,51,4.3,0.2193,1.9737,"Non"
68,3388,335142,26,"Bac+2",2,4,55,11,4.6948,1.3552,"Oui"
68,3388,335161,28,"Bac+5 et plus",2,5,18,11.9,0.317016,1.824984,"Oui"
68,3388,335203,22,"Niveau bac",4,1,21,9,0.86562,1.02438,"Non"
68,3388,335236,18,"Bac+2",0,0,18,8,0.40464,1.03536,"Non"
68,3388,335322,57,"Bac+2",4,12,61,2.3,0.109434,1.293566,"Non"
68,3388,335417,19,"Bac+2",1,0,24,12.3,1.109952,1.842048,"Oui"
68,3388,335431,31,"Bac+4",4,5,36,22.4,0.153216,7.910784,"Non"
68,3388,335434,18,"Niveau bac",1,0,18,8,0.74016,0.69984,"Oui"
68,3388,335530,23,"Bac+3",0,1,18,4,0.05328,0.66672,"Non"
68,3388,335610,29,"Bac+3",8,5,39,11.6,3.25728,1.26672,"Oui"
68,3388,335635,18,"Bac+2",0,0,24,0.9,0.126144,0.089856,"Oui"
68,3388,335667,40,"Bac+3",4,6,87,1.2,0.860256,0.183744,"Non"
68,3388,335669,31,"Bac+2",11,8,36,4.7,0.125208,1.566792,"Non"
68,3388,335680,37,"Bac+2",18,3,39,26.9,5.45532,5.03568,"Oui"
68,3388,335690,40,"Bac+3",18,13,84,6.2,0.942648,4.265352,"Non"
68,3388,335722,18,"Bac+2",0,0,17,11.9,0.165886,1.857114,"Oui"
68,3388,335743,45,"Niveau bac",24,14,69,3.2,1.333632,0.874368,"Non"
68,3388,335816,34,"Bac+3",11,6,52,12.9,4.165668,2.542332,"Non"
68,3388,335844,25,"Bac+3",3,1,27,16.9,1.085994,3.477006,"Non"
68,3388,335958,53,"Bac+2",30,12,220,12.9,2.80962,25.57038,"Non"
68,3388,336005,30,"Bac+3",4,4,39,11.6,1.393392,3.130608,"Non"
68,3388,336019,49,"Bac+5 et plus",23,11,178,19.4,5.594184,28.937816,"Non"
68,3388,336093,21,"Bac+2",2,1,23,3.5,0.25438,0.55062,"Non"
68,3388,336204,40,"Bac+2",0,12,21,36.6,4.350276,3.335724,"Oui"
68,3388,336244,18,"Bac+2",0,0,23,11.5,0.66125,1.98375,"Oui"
68,3388,336247,18,"Bac+2",0,0,15,8,0.2244,0.9756,"Non"
68,3388,336295,34,"Niveau bac",10,6,50,5.3,0.583,2.067,"Non"
68,3388,336326,40,"Bac+4",15,13,111,9.6,1.875456,8.780544,"Non"
68,3388,336330,49,"Niveau bac",4,11,36,9.9,1.357884,2.206116,"Non"
68,3388,336350,27,"Bac+3",0,4,31,3.7,0.284456,0.862544,"Non"
68,3388,336401,52,"Niveau bac",26,12,77,28.6,5.263258,16.758742,"Non"
68,3388,336479,20,"Bac+2",0,1,28,9.8,0.65856,2.08544,"Non"
68,3388,336499,26,"Bac+3",0,3,23,10.9,1.707267,0.799733,"Oui"
68,3388,336510,62,"Bac+4",23,22,124,23,19.05136,9.46864,"Oui"
68,3388,336576,39,"Bac+2",1,9,27,1.4,0.097902,0.280098,"Non"
68,3388,336580,26,"Niveau bac",5,2,47,21.7,6.139798,4.059202,"Oui"
68,3388,336624,35,"Bac+2",15,8,66,3.3,1.054152,1.123848,"Non"
68,3388,336640,47,"Bac+4",17,17,61,7.5,3.124725,1.450275,"Non"
68,3388,336658,56,"Niveau bac",3,16,38,18.7,3.716438,3.389562,"Oui"
68,3388,336706,21,"Bac+3",0,1,33,9.1,1.048047,1.954953,"Oui"
68,3388,336731,29,"Bac+2",0,5,33,5.8,0.578028,1.335972,"Non"
68,3388,336792,28,"Bac+2",3,5,53,5.7,1.57092,1.45008,"Oui"
68,3388,336899,20,"Niveau bac",1,0,22,10.1,0.142208,2.079792,"Oui"
68,3388,336953,24,"Bac+4",0,2,29,9.6,1.038432,1.745568,"Oui"
68,3388,336969,29,"Bac+4",5,4,73,25.1,2.180437,16.142563,"Oui"
68,3388,337073,19,"Bac+2",0,0,15,9.5,0.397575,1.027425,"Oui"
68,3388,337079,63,"Bac+2",29,19,208,16.6,21.890752,12.637248,"Oui"
68,3388,337113,39,"Bac+2",17,9,90,6.8,3.44556,2.67444,"Non"
68,3388,337128,22,"Bac+4",0,1,30,3.4,0.153,0.867,"Non"
68,3388,337261,25,"Bac+4",1,2,66,4.2,0.5544,2.2176,"Oui"
68,3388,337272,22,"Bac+2",2,1,39,4.7,0.500409,1.332591,"Non"
68,3388,337301,35,"Bac+5 et plus",0,9,36,13.3,0.986328,3.801672,"Non"
68,3388,337304,51,"Bac+3",14,16,161,1.4,0.565754,1.688246,"Non"
68,3388,337309,65,"Bac+2",0,25,57,6.2,1.67865,1.85535,"Non"
68,3388,337365,38,"Bac+4",14,7,192,28.9,5.27136,50.21664,"Oui"
68,3388,337462,22,"Bac+4",0,2,46,8.6,1.764376,2.191624,"Oui"
68,3388,337514,19,"Bac+2",0,0,28,7.5,1.5141,0.5859,"Oui"
68,3388,337528,48,"Bac+4",24,18,66,4.4,0.31944,2.58456,"Non"
68,3388,337553,18,"Bac+2",0,0,16,8.3,0.173968,1.154032,"Oui"
68,3388,337620,29,"Bac+2",1,5,39,10.3,2.984631,1.032369,"Oui"
68,3388,337625,37,"Bac+2",0,9,37,16.2,0.92907,5.06493,"Non"
68,3388,337641,23,"Bac+4",0,1,73,0.7,0.251923,0.259077,"Non"
68,3388,337769,27,"Bac+3",4,5,41,6.1,1.653161,0.847839,"Oui"
68,3388,337840,38,"Bac+4",10,11,63,12.2,2.759274,4.926726,"Non"
68,3388,337873,39,"Bac+3",10,7,45,25,1.76625,9.48375,"Non"
68,3388,337887,28,"Bac+4",4,3,48,24.3,3.335904,8.328096,"Oui"
68,3388,337922,54,"Bac+3",2,19,35,6.4,0.93184,1.30816,"Non"
68,3388,337945,39,"Bac+4",12,10,98,1.6,0.1568,1.4112,"Non"
68,3388,337963,19,"Bac+2",0,0,26,17.2,2.647424,1.824576,"Oui"
68,3388,337991,71,"Niveau bac",2,13,23,10.1,1.435614,0.887386,"Non"
68,3388,338047,24,"Bac+2",4,2,21,3.8,0.359898,0.438102,"Non"
68,3388,338062,28,"Bac+2",3,4,20,9,0.3672,1.4328,"Non"
68,3388,338069,21,"Niveau bac",4,1,15,7.3,0.053655,1.041345,"Non"
68,3388,338112,36,"Bac+2",8,2,42,3.1,0.753858,0.548142,"Non"
68,3388,338207,36,"Bac+2",1,8,31,21,0.33201,6.17799,"Non"
68,3388,338240,23,"Niveau bac",0,2,20,8.4,0.2436,1.4364,"Oui"
68,3388,338253,28,"Bac+3",3,3,25,18.8,1.1562,3.5438,"Oui"
68,3388,338294,26,"Bac+3",0,3,31,3.1,0.103788,0.857212,"Oui"
68,3388,338307,36,"Bac+5 et plus",3,7,45,3.3,0.46629,1.01871,"Non"
68,3388,338320,32,"Bac+4",2,2,55,10.6,1.43418,4.39582,"Oui"
73,4501,360036,24,"Bac+4",0,1,56,9.3,1.546776,3.661224,"Oui"
73,4501,360188,19,"Bac+2",0,0,55,7.9,0.612645,3.732355,"Non"
73,4501,360230,28,"Bac+4",2,3,22,6.2,0.758384,0.605616,"Oui"
73,4501,360245,40,"Bac+5 et plus",1,11,32,18.6,3.404544,2.547456,"Oui"
73,4501,360448,34,"Bac+3",0,4,23,6.8,0.686596,0.877404,"Oui"
73,4501,360504,44,"Niveau bac",17,14,107,13,3.82525,10.08475,"Non"
73,4501,360509,29,"Bac+2",1,6,36,9.3,1.419552,1.928448,"Oui"
73,4501,360518,65,"Niveau bac",10,18,32,9.9,1.365408,1.802592,"Non"
73,4501,360585,45,"Bac+2",18,11,59,8.9,2.741022,2.509978,"Non"
73,4501,360684,33,"Bac+2",4,8,79,12.6,8.550486,1.403514,"Oui"
73,4501,360763,32,"Bac+4",5,6,67,8.4,3.382428,2.245572,"Non"
73,4501,360917,23,"Bac+3",0,1,34,9.2,1.254328,1.873672,"Oui"
73,4501,360925,25,"Bac+5 et plus",0,2,60,8.4,1.25496,3.78504,"Non"
73,4501,360927,22,"Bac+4",0,1,23,6.2,0.346518,1.079482,"Oui"
73,4501,360963,27,"Niveau bac",6,2,20,14.3,0.37752,2.48248,"Non"
73,4501,360968,43,"Bac+4",0,10,94,19.9,6.322628,12.383372,"Oui"
73,4501,360970,53,"Bac+4",26,20,249,5.8,7.58205,6.85995,"Non"
73,4501,361072,43,"Bac+2",13,13,62,24.2,8.072152,6.931848,"Oui"
73,4501,361083,25,"Niveau bac",4,1,33,13.2,1.629144,2.726856,"Oui"
73,4501,361105,18,"Bac+2",0,0,34,16.3,1.873196,3.668804,"Oui"
73,4501,361146,46,"Bac+4",14,10,57,4.7,0.251826,2.427174,"Non"
73,4501,361166,46,"Bac+4",22,10,160,15.5,9.92,14.88,"Oui"
73,4501,361201,35,"Bac+3",3,7,54,11,1.16424,4.77576,"Non"
73,4501,361255,23,"Bac+3",1,2,63,16.8,3.143448,7.440552,"Oui"
73,4501,361299,18,"Bac+2",0,0,28,8.1,0.843696,1.424304,"Oui"
73,4501,361305,31,"Bac+2",11,8,37,5.7,0.824619,1.284381,"Non"
73,4501,361346,30,"Bac+3",4,3,62,14.8,1.532392,7.643608,"Oui"
73,4501,361396,23,"Bac+3",2,2,32,3,0.2784,0.6816,"Non"
73,4501,361437,42,"Bac+2",1,5,50,9.6,2.6016,2.1984,"Non"
73,4501,361440,21,"Bac+2",0,1,21,6.3,0.829521,0.493479,"Oui"
73,4501,361454,35,"Bac+2",15,8,55,10.2,3.366,2.244,"Non"
73,4501,361487,26,"Bac+2",5,1,47,6.2,1.827078,1.086922,"Non"
73,4501,361612,75,"Bac+4",50,18,460,19.6,26.68736,63.47264,"Oui"
73,4501,361699,19,"Bac+2",0,0,21,5.6,0.137592,1.038408,"Non"
73,4501,361704,28,"Bac+2",3,2,22,11.5,0.86526,1.66474,"Non"
73,4501,361727,22,"Bac+3",0,1,45,13.6,1.87272,4.24728,"Non"
73,4501,361728,30,"Bac+2",4,4,45,10,2.1285,2.3715,"Non"
73,4501,361759,24,"Bac+4",0,1,53,16.1,5.094201,3.438799,"Oui"
73,4501,361823,20,"Bac+3",0,0,33,9.4,0.549054,2.552946,"Oui"
73,4501,361845,38,"Bac+2",18,7,53,5.2,1.201616,1.554384,"Non"
73,4501,361900,23,"Bac+3",0,2,25,4.2,0.15855,0.89145,"Non"
73,4501,361907,21,"Bac+3",0,1,22,8.5,0.08228,1.78772,"Non"
73,4501,362006,23,"Bac+4",0,1,28,3.1,0.33852,0.52948,"Non"
73,4501,362180,19,"Bac+2",0,0,22,8.2,0.499708,1.304292,"Non"
73,4501,362480,19,"Bac+2",0,0,33,7.5,0.36135,2.11365,"Non"
73,4501,362493,34,"Bac+4",9,9,34,32.1,2.390166,8.523834,"Oui"
73,4501,362513,26,"Bac+4",1,1,31,12.3,1.147713,2.665287,"Oui"
73,4501,362711,63,"Niveau bac",17,26,103,12.3,3.471306,9.197694,"Non"
73,4501,362745,31,"Bac+3",7,4,30,1.9,0.1653,0.4047,"Non"
73,4501,362797,34,"Bac+2",6,4,41,7.5,1.091625,1.983375,"Oui"
73,4501,362909,45,"Bac+2",24,10,86,9.7,1.743478,6.598522,"Non"
73,4501,362911,22,"Bac+3",0,1,31,10.1,0.695082,2.435918,"Oui"
73,4501,363011,21,"Bac+3",0,1,44,6.3,1.291752,1.480248,"Non"
73,4501,363019,65,"Niveau bac",21,23,42,1.6,0.289632,0.382368,"Non"
73,4501,363142,24,"Bac+3",0,2,17,9.2,0.311236,1.252764,"Non"
73,4501,363175,25,"Bac+4",1,2,35,1.4,0.05929,0.43071,"Oui"
73,4501,363198,32,"Bac+4",3,6,56,13.2,1.530144,5.861856,"Oui"
73,4501,363246,21,"Bac+3",0,0,36,14.1,1.59894,3.47706,"Oui"
73,4501,363280,23,"Bac+4",0,2,34,17,2.16172,3.61828,"Oui"
73,4501,363302,40,"Bac+3",17,6,120,10.2,4.32072,7.91928,"Non"
73,4501,363329,44,"Bac+2",2,17,50,2.8,0.5166,0.8834,"Non"
73,4501,363388,39,"Bac+4",4,6,75,5.6,2.6208,1.5792,"Non"
73,4501,363447,26,"Bac+3",3,4,18,12.9,0.401706,1.920294,"Oui"
73,4501,363504,28,"Bac+2",8,4,40,9.8,1.36024,2.55976,"Oui"
73,4501,363544,43,"Bac+4",13,12,127,3,0.4191,3.3909,"Non"
73,4501,363785,40,"Niveau bac",16,7,33,23.3,2.022207,5.666793,"Oui"
73,4501,363807,31,"Niveau bac",0,6,26,3.2,0.338624,0.493376,"Non"
73,4501,363832,54,"Niveau bac",13,18,105,13.6,1.62792,12.65208,"Non"
73,4501,363882,42,"Bac+4",9,9,49,7.3,1.151794,2.425206,"Oui"
73,4501,363946,39,"Bac+2",14,7,94,30.2,10.50356,17.88444,"Oui"
73,4501,363975,36,"Bac+3",10,7,101,13.1,7.237357,5.993643,"Oui"
73,4501,364037,21,"Bac+2",0,1,15,4.1,0.246,0.369,"Non"
73,4501,364057,49,"Bac+3",3,7,28,6.9,0.846216,1.085784,"Non"
73,4501,364125,22,"Bac+4",0,1,55,27.4,6.22391,8.84609,"Oui"
73,4501,364211,33,"Bac+2",3,6,33,5.1,0.895356,0.787644,"Non"
73,4501,364304,39,"Bac+4",9,12,78,4.1,0.345384,2.852616,"Non"
73,4501,364366,26,"Bac+3",3,3,66,4,0.18744,2.45256,"Non"
73,4501,364418,23,"Niveau bac",5,1,48,18,1.05408,7.58592,"Oui"
73,4501,364428,19,"Bac+2",0,0,31,10.6,0.992372,2.293628,"Oui"
73,4501,364499,19,"Bac+2",0,0,19,5.4,0.372438,0.653562,"Oui"
74,2658,365041,33,"Niveau bac",9,4,22,14.6,0.729124,2.482876,"Non"
74,2658,365043,55,"Bac+5 et plus",11,16,88,12.9,5.1084,6.2436,"Non"
74,2658,365178,25,"Bac+2",5,2,36,2.7,0.528768,0.443232,"Non"
74,2658,365216,34,"Bac+4",9,7,58,28.4,4.974544,11.497456,"Oui"
74,2658,365236,67,"Bac+2",7,25,58,11.4,1.58688,5.02512,"Non"
74,2658,365265,51,"Bac+2",22,11,65,18.1,4.906005,6.858995,"Non"
74,2658,365285,45,"Bac+2",26,12,100,7.5,1.695,5.805,"Non"
74,2658,365288,24,"Bac+3",0,2,67,8.9,2.379237,3.583763,"Oui"
74,2658,365383,53,"Bac+4",3,15,50,15.7,4.24685,3.60315,"Non"
74,2658,365473,28,"Bac+4",2,3,47,12.1,0.432212,5.254788,"Oui"
74,2658,365477,51,"Bac+3",10,17,144,4.9,0.91728,6.13872,"Non"
74,2658,365484,27,"Bac+4",1,4,38,8.2,0.620084,2.495916,"Non"
74,2658,365507,18,"Niveau bac",1,0,15,8.4,0.7434,0.5166,"Oui"
74,2658,365536,62,"Niveau bac",32,19,86,6.3,3.971394,1.446606,"Non"
74,2658,365587,19,"Bac+2",0,0,21,8.1,0.690606,1.010394,"Non"
74,2658,365613,76,"Bac+3",12,27,53,6.2,1.278254,2.007746,"Non"
74,2658,365668,22,"Bac+4",0,1,19,7.4,0.778924,0.627076,"Oui"
74,2658,365683,26,"Niveau bac",10,4,43,5.2,0.889928,1.346072,"Non"
74,2658,365719,18,"Bac+2",0,0,30,8.9,0.23496,2.43504,"Oui"
74,2658,365731,30,"Bac+3",3,2,23,6.5,0.27807,1.21693,"Oui"
74,2658,365743,36,"Bac+2",5,9,50,0.8,0.1192,0.2808,"Non"
74,2658,365773,30,"Bac+2",5,6,36,4.7,0.771552,0.920448,"Non"
74,2658,365823,18,"Bac+2",0,0,30,3.8,0.57228,0.56772,"Non"
74,2658,365866,48,"Bac+2",22,16,196,10.5,7.4088,13.1712,"Oui"
74,2658,365869,42,"Niveau bac",1,10,32,7.2,0.688896,1.615104,"Oui"
74,2658,365895,26,"Bac+4",1,3,35,7,1.21275,1.23725,"Non"
74,2658,365943,24,"Bac+4",0,2,25,5.7,0.6384,0.7866,"Oui"
74,2658,365968,39,"Bac+4",4,6,84,3.4,0.405552,2.450448,"Non"
74,2658,365987,19,"Bac+2",1,0,20,25.9,1.93732,3.24268,"Oui"
74,2658,366021,18,"Bac+2",0,0,27,6.1,0.915732,0.731268,"Non"
74,2658,366058,23,"Niveau bac",5,1,26,5.3,0.1378,1.2402,"Oui"
74,2658,366075,30,"Bac+3",1,4,26,8,1.18352,0.89648,"Non"
74,2658,366079,59,"Niveau bac",3,14,44,16.6,5.470696,1.833304,"Oui"
74,2658,366080,37,"Niveau bac",0,8,36,16.1,1.988028,3.807972,"Oui"
74,2658,366221,23,"Bac+2",2,0,17,21.3,0.300543,3.320457,"Oui"
74,2658,366299,19,"Bac+2",0,0,26,14.3,0.516802,3.201198,"Oui"
74,2658,366365,70,"Bac+2",33,17,150,13.3,5.16705,14.78295,"Non"
74,2658,366382,30,"Bac+4",5,6,109,7.8,1.394328,7.107672,"Non"
74,2658,366410,40,"Niveau bac",17,5,72,7.3,0.94608,4.30992,"Non"
74,2658,366458,23,"Bac+3",2,2,39,16.6,1.644396,4.829604,"Non"
74,2658,366486,26,"Niveau bac",5,3,24,7.9,0.333696,1.562304,"Non"
74,2658,366563,33,"Bac+3",12,9,48,3.7,0.9324,0.8436,"Non"
74,2658,366585,46,"Niveau bac",5,9,40,4.5,0.9774,0.8226,"Non"
74,2658,366610,32,"Bac+2",12,9,27,1.8,0.164754,0.321246,"Non"
74,2658,366622,18,"Bac+2",0,0,35,12.3,0.86961,3.43539,"Non"
74,2658,366635,18,"Bac+2",0,0,27,9.4,0.433998,2.104002,"Oui"
74,2658,366655,23,"Bac+4",0,2,33,2.9,0.232551,0.724449,"Non"
74,2658,366658,41,"Bac+2",21,9,56,4.8,1.147776,1.540224,"Non"
74,2658,366663,22,"Bac+4",0,1,21,11.8,0.671538,1.806462,"Non"
74,2658,366664,33,"Bac+2",15,6,71,14.6,2.788454,7.577546,"Non"
74,2658,366673,24,"Bac+4",0,1,128,8.9,3.554304,7.837696,"Oui"
74,2658,366716,23,"Bac+3",1,2,28,0.6,0.058632,0.109368,"Non"
74,2658,366753,43,"Niveau bac",4,9,26,12.9,1.529424,1.824576,"Non"
74,2658,366756,31,"Bac+3",2,5,45,13.1,1.644705,4.250295,"Oui"
74,2658,366761,20,"Bac+3",0,1,28,8.6,0.197456,2.210544,"Non"
74,2658,366765,24,"Bac+2",5,1,26,13.1,1.08992,2.31608,"Non"
74,2658,366778,28,"Bac+3",4,3,23,4.9,0.547722,0.579278,"Oui"
74,2658,366795,53,"Bac+4",1,16,46,11.3,2.656178,2.541822,"Oui"
74,2658,366813,26,"Bac+4",1,2,63,11.9,0.944622,6.552378,"Oui"
74,2658,366819,21,"Bac+2",1,1,24,4.2,0.056448,0.951552,"Non"
74,2658,366841,22,"Bac+3",1,1,29,15.8,2.937062,1.644938,"Oui"
74,2658,366897,29,"Bac+2",6,5,27,6.3,0.127575,1.573425,"Non"
74,2658,366953,28,"Bac+3",3,3,31,12.9,2.355411,1.643589,"Oui"
74,2658,366960,41,"Bac+2",4,11,56,7.3,2.559088,1.528912,"Non"
74,2658,367052,44,"Bac+4",4,5,15,16.6,0.07968,2.41032,"Non"
74,2658,367081,21,"Bac+2",1,1,23,9.5,0.137655,2.047345,"Non"
74,2658,367082,50,"Bac+2",21,10,88,1.4,0.213136,1.018864,"Non"
74,2658,367207,18,"Bac+2",0,0,20,19,1.33,2.47,"Oui"
74,2658,367213,29,"Bac+5 et plus",0,4,40,12.5,2.025,2.975,"Oui"
74,2658,367238,38,"Bac+2",1,9,28,0.8,0.12768,0.09632,"Oui"
74,2658,367250,30,"Bac+4",1,5,65,13.4,4.54662,4.16338,"Oui"
74,2658,367263,27,"Bac+2",8,4,29,6.5,0.84825,1.03675,"Non"
74,2658,367322,28,"Niveau bac",8,4,45,6,0.7155,1.9845,"Non"
74,2658,367368,27,"Bac+2",9,3,31,6.3,0.267561,1.685439,"Non"
74,2658,367435,36,"Bac+4",12,9,35,8.1,1.051785,1.783215,"Non"
74,2658,367468,30,"Bac+4",3,4,38,11.9,0.795872,3.726128,"Non"
74,2658,367471,29,"Bac+3",7,6,57,4.3,1.044126,1.406874,"Non"
74,2658,367492,18,"Bac+2",0,0,20,16.7,0.46426,2.87574,"Oui"
74,2658,367569,23,"Bac+3",0,2,32,7.9,1.223552,1.304448,"Non"
74,2658,367610,41,"Bac+5 et plus",6,5,190,1.9,0.86279,2.74721,"Non"
75,2600,370015,59,"Bac+3",7,20,92,7.5,3.0567,3.8433,"Non"
75,2600,370057,64,"Bac+2",42,22,267,13.2,16.952364,18.291636,"Non"
75,2600,370068,32,"Bac+4",7,6,71,19.5,4.12581,9.71919,"Oui"
75,2600,370095,32,"Bac+3",4,4,37,3.1,0.320013,0.826987,"Non"
75,2600,370103,22,"Bac+4",0,1,28,19.8,0.44352,5.10048,"Oui"
75,2600,370112,21,"Bac+2",3,1,15,11.8,0.41595,1.35405,"Oui"
75,2600,370157,66,"Bac+2",18,24,70,2.8,1.00156,0.95844,"Non"
75,2600,370165,18,"Bac+2",0,0,22,4.4,0.148104,0.819896,"Oui"
75,2600,370209,21,"Bac+3",0,0,27,2.3,0.220455,0.400545,"Non"
75,2600,370216,35,"Bac+3",2,7,27,0.8,0.103464,0.112536,"Non"
75,2600,370237,18,"Bac+2",0,0,19,14.9,0.135888,2.695112,"Oui"
75,2600,370290,27,"Bac+3",3,2,38,9.7,0.44232,3.24368,"Oui"
75,2600,370297,54,"Bac+3",15,11,93,13.7,7.988607,4.752393,"Oui"
75,2600,370404,43,"Bac+3",3,12,38,6,0.6156,1.6644,"Non"
75,2600,370440,42,"Bac+4",6,14,49,14.7,2.845185,4.357815,"Non"
75,2600,370446,26,"Bac+4",0,3,26,3.3,0.408408,0.449592,"Non"
75,2600,370619,18,"Bac+2",0,0,22,10.2,0.520608,1.723392,"Oui"
75,2600,370650,46,"Bac+3",0,7,34,3.9,0.082212,1.243788,"Non"
75,2600,370667,35,"Bac+4",6,9,81,6.8,2.842128,2.665872,"Non"
75,2600,370672,68,"Bac+3",38,25,154,6.2,3.017168,6.530832,"Non"
75,2600,370695,24,"Bac+4",0,2,45,6.7,0.823095,2.191905,"Non"
75,2600,370722,38,"Bac+3",12,9,86,2.4,0.871008,1.192992,"Non"
75,2600,370733,20,"Bac+3",0,0,27,1,0.10827,0.16173,"Oui"
75,2600,370775,23,"Bac+4",0,1,24,26.9,0.400272,6.055728,"Oui"
75,2600,370788,45,"Niveau bac",8,12,41,14.8,0.260924,5.807076,"Non"
75,2600,370813,37,"Niveau bac",7,2,29,4.3,0.168345,1.078655,"Non"
75,2600,370841,51,"Bac+3",29,14,285,16.6,14.80803,32.50197,"Non"
75,2600,370856,18,"Bac+2",0,0,31,9.1,0.490854,2.330146,"Oui"
75,2600,370878,33,"Bac+4",2,6,66,3.1,0.832722,1.213278,"Non"
75,2600,370896,37,"Bac+4",8,7,62,23.9,5.808656,9.009344,"Oui"
75,2600,370900,59,"Bac+3",22,22,84,16,1.85472,11.58528,"Non"
75,2600,370913,57,"Bac+2",36,18,172,9.2,3.449632,12.374368,"Non"
75,2600,370923,19,"Bac+2",0,0,39,4.4,0.727584,0.988416,"Non"
75,2600,370970,44,"Bac+2",15,17,59,18.3,5.851974,4.945026,"Oui"
75,2600,371071,32,"Bac+2",0,4,35,18.1,1.1403,5.1947,"Oui"
75,2600,371139,38,"Bac+3",6,11,37,19.1,2.374512,4.692488,"Oui"
75,2600,371228,19,"Bac+2",0,0,17,12.4,0.33728,1.77072,"Oui"
75,2600,371240,21,"Bac+3",0,1,35,22.7,2.12926,5.81574,"Oui"
75,2600,371316,19,"Bac+2",0,0,30,24.3,0.53217,6.75783,"Oui"
75,2600,371328,48,"Niveau bac",0,12,28,2.6,0.115752,0.612248,"Non"
75,2600,371340,46,"Niveau bac",15,13,95,15.4,6.68591,7.94409,"Non"
75,2600,371388,30,"Bac+2",6,5,32,1.5,0.19296,0.28704,"Non"
75,2600,371395,52,"Niveau bac",30,13,125,15.7,8.321,11.304,"Non"
75,2600,371420,33,"Bac+2",3,3,36,18,2.18376,4.29624,"Non"
75,2600,371423,36,"Bac+4",10,7,51,13.2,3.453516,3.278484,"Non"
75,2600,371426,71,"Bac+2",13,10,59,24.4,2.66326,11.73274,"Non"
75,2600,371580,32,"Bac+4",5,5,87,10.4,0.461448,8.586552,"Non"
75,2600,371656,32,"Bac+2",12,7,75,7.1,1.549575,3.775425,"Non"
75,2600,371660,25,"Bac+3",1,3,16,4.5,0.38664,0.33336,"Non"
75,2600,371716,36,"Bac+4",8,6,100,19.9,11.5619,8.3381,"Oui"
75,2600,371741,22,"Bac+2",0,1,18,3.5,0.32697,0.30303,"Non"
75,2600,371783,26,"Bac+3",4,1,23,8.2,0.350796,1.535204,"Non"
75,2600,371803,51,"Niveau bac",23,10,47,2.2,0.342254,0.691746,"Non"
75,2600,371809,20,"Bac+3",0,1,31,18.3,1.951512,3.721488,"Oui"
75,2600,371824,33,"Bac+2",6,8,41,2.1,0.024108,0.836892,"Non"
75,2600,371907,25,"Bac+2",6,0,18,16.3,1.86309,1.07091,"Oui"
75,2600,371910,43,"Bac+3",8,9,49,6,0.8673,2.0727,"Non"
75,2600,371939,33,"Bac+5 et plus",0,5,46,15.7,0.751088,6.470912,"Non"
75,2600,371987,36,"Bac+4",8,8,58,17.2,1.276928,8.699072,"Non"
75,2600,371988,33,"Bac+4",5,7,35,5.2,0.57876,1.24124,"Non"
75,2600,372012,25,"Bac+2",5,2,18,12.6,0.1134,2.1546,"Oui"
75,2600,372041,40,"Bac+3",5,9,34,23.3,1.528946,6.393054,"Non"
75,2600,372048,41,"Bac+2",14,9,76,18,9.17928,4.50072,"Oui"
75,2600,372086,28,"Niveau bac",4,4,20,13.6,0.53312,2.18688,"Non"
75,2600,372090,19,"Bac+2",0,0,20,1.2,0.02688,0.21312,"Non"
75,2600,372091,25,"Bac+2",7,3,27,7.6,0.229824,1.822176,"Non"
75,2600,372120,46,"Niveau bac",6,5,37,31.6,2.3384,9.3536,"Oui"
75,2600,372126,43,"Bac+3",13,7,71,4.2,1.413468,1.568532,"Non"
75,2600,372138,57,"Niveau bac",25,22,61,1.6,0.179584,0.796416,"Non"
75,2600,372174,70,"Niveau bac",6,22,22,19.9,0.499092,3.878908,"Non"
75,2600,372193,32,"Bac+2",7,2,40,6.2,0.51088,1.96912,"Non"
75,2600,372218,18,"Bac+2",0,0,22,3.4,0.37026,0.37774,"Oui"
75,2600,372221,23,"Bac+3",1,1,42,1.3,0.165438,0.380562,"Non"
75,2600,372227,36,"Bac+2",4,9,57,4.2,0.69426,1.69974,"Oui"
75,2600,372245,20,"Bac+3",0,0,27,5.1,0.528768,0.848232,"Non"
75,2600,372266,22,"Bac+2",0,1,30,11.5,1.68705,1.76295,"Oui"
75,2600,372317,26,"Bac+2",4,3,22,6.7,0.033902,1.440098,"Non"
75,2600,372406,40,"Niveau bac",3,11,21,5.3,0.094605,1.018395,"Non"
75,2600,372407,46,"Bac+3",12,12,111,5.8,1.09446,5.34354,"Non"
75,2600,372450,22,"Bac+4",0,1,51,8.7,1.069317,3.367683,"Oui"
75,2600,372485,20,"Bac+3",0,0,13,1.1,0.051051,0.091949,"Non"
75,2600,372496,24,"Bac+4",1,2,36,13,0.99684,3.68316,"Oui"
75,2600,372514,72,"Bac+2",48,30,233,28.8,18.252288,48.851712,"Non"
75,2600,372545,51,"Bac+2",9,19,82,14.6,1.4965,10.4755,"Non"
75,2600,372551,57,"Bac+5 et plus",31,23,1079,1.4,1.96378,13.14222,"Non"
75,2600,372571,33,"Bac+3",3,9,26,12.8,0.918528,2.409472,"Non"
76,3572,375011,48,"Bac+5 et plus",2,6,52,13.1,1.519076,5.292924,"Non"
76,3572,375014,40,"Niveau bac",2,6,30,3,0.0486,0.8514,"Non"
76,3572,375038,26,"Niveau bac",2,2,23,2.5,0.031625,0.543375,"Non"
76,3572,375106,39,"Bac+2",0,4,36,7.5,0.8748,1.8252,"Oui"
76,3572,375141,44,"Bac+3",6,12,39,8.9,1.822275,1.648725,"Oui"
76,3572,375217,40,"Bac+3",15,12,129,11.9,4.820214,10.530786,"Non"
76,3572,375293,47,"Bac+2",8,13,49,18.4,1.5778,7.4382,"Non"
76,3572,375313,41,"Bac+4",15,12,127,18.2,18.121376,4.992624,"Non"
76,3572,375331,22,"Niveau bac",4,0,27,4.1,0.334314,0.772686,"Non"
76,3572,375333,42,"Niveau bac",8,10,65,14.6,2.69516,6.79484,"Non"
76,3572,375404,42,"Bac+2",20,16,117,23.3,12.730887,14.530113,"Oui"
76,3572,375460,19,"Bac+2",0,0,28,2.8,0.242256,0.541744,"Oui"
76,3572,375511,59,"Bac+3",11,21,55,10,1.4025,4.0975,"Non"
76,3572,375532,23,"Bac+2",2,2,25,10.6,0.5035,2.1465,"Oui"
76,3572,375716,64,"Bac+2",24,18,83,8.4,0.167328,6.804672,"Non"
76,3572,375727,25,"Bac+4",0,3,42,14.3,0.762762,5.243238,"Oui"
76,3572,375732,31,"Bac+2",10,5,41,17.9,0.359611,6.979389,"Non"
76,3572,375861,19,"Bac+2",0,0,35,9.3,0.93744,2.31756,"Non"
76,3572,375890,42,"Bac+4",12,5,15,14.4,0.66312,1.49688,"Non"
76,3572,375893,19,"Niveau bac",0,0,20,11.7,1.16532,1.17468,"Oui"
76,3572,375902,38,"Bac+2",18,5,55,16.1,2.33772,6.51728,"Non"
76,3572,376001,28,"Niveau bac",7,5,32,9.2,0.945024,1.998976,"Non"
76,3572,376006,24,"Bac+2",1,2,19,16.3,0.188917,2.908083,"Oui"
76,3572,376023,38,"Bac+3",9,9,66,5.5,0.57354,3.05646,"Oui"
76,3572,376027,54,"Niveau bac",22,16,49,5.2,0.759304,1.788696,"Non"
76,3572,376070,20,"Bac+3",0,0,29,11.7,1.252017,2.140983,"Oui"
76,3572,376129,51,"Bac+3",10,18,57,19.5,3.57903,7.53597,"Non"
76,3572,376169,30,"Bac+2",0,5,26,3.6,0.478296,0.457704,"Oui"
76,3572,376202,29,"Bac+2",5,4,26,5.3,0.628368,0.749632,"Oui"
76,3572,376210,50,"Niveau bac",27,12,85,11.8,3.44029,6.58971,"Non"
76,3572,376241,50,"Bac+5 et plus",22,13,71,4.9,1.311583,2.167417,"Non"
76,3572,376263,39,"Bac+3",7,5,39,12.2,0.7137,4.0443,"Non"
76,3572,376363,29,"Bac+3",3,4,74,3.6,0.580752,2.083248,"Non"
76,3572,376395,32,"Bac+5 et plus",0,5,22,14.8,0.205128,3.050872,"Non"
76,3572,376403,26,"Bac+2",1,3,24,13.4,1.476144,1.739856,"Non"
76,3572,376416,25,"Bac+3",3,2,43,15.6,3.682692,3.025308,"Oui"
76,3572,376418,33,"Bac+2",3,7,29,5.4,0.374274,1.191726,"Non"
76,3572,376430,20,"Bac+3",0,0,25,5,0.13375,1.11625,"Oui"
76,3572,376443,24,"Bac+3",0,1,23,7.4,0.241684,1.460316,"Non"
76,3572,376451,21,"Niveau bac",2,1,25,9.8,0.4214,2.0286,"Oui"
76,3572,376456,42,"Bac+3",16,8,71,3.3,0.756789,1.586211,"Non"
76,3572,376619,40,"Niveau bac",2,14,31,2.4,0.221712,0.522288,"Oui"
76,3572,376642,36,"Bac+2",10,3,77,11.3,1.496572,7.204428,"Oui"
76,3572,376724,27,"Bac+4",2,1,31,3.9,0.562185,0.646815,"Non"
76,3572,376870,32,"Bac+2",0,7,22,22.5,0.57915,4.37085,"Oui"
76,3572,377052,61,"Bac+2",29,24,142,7.7,3.083388,7.850612,"Non"
76,3572,377198,53,"Bac+2",4,20,35,1.5,0.076125,0.448875,"Non"
76,3572,377201,36,"Bac+5 et plus",9,6,108,6.5,3.62232,3.39768,"Non"
76,3572,377300,68,"Bac+2",11,15,84,6.1,1.35786,3.76614,"Non"
76,3572,377307,38,"Niveau bac",17,7,41,16.9,3.991104,2.937896,"Non"
76,3572,377319,48,"Bac+3",15,11,133,4.1,1.952174,3.500826,"Non"
76,3572,377324,77,"Bac+2",30,33,80,3.9,0.79872,2.32128,"Non"
76,3572,377348,35,"Niveau bac",18,4,63,1.6,0.42336,0.58464,"Non"
76,3572,377479,29,"Niveau bac",11,2,39,3.2,0.571584,0.676416,"Non"
76,3572,377481,20,"Bac+2",0,0,24,1.1,0.075504,0.188496,"Oui"
76,3572,377499,21,"Bac+3",0,1,17,7.8,0.213486,1.112514,"Non"
76,3572,377510,18,"Bac+2",0,0,19,7,0.28329,1.04671,"Oui"
76,3572,377604,42,"Bac+4",14,6,55,9.1,1.49149,3.51351,"Non"
76,3572,377692,35,"Bac+4",0,8,144,3.2,1.516032,3.091968,"Oui"
76,3572,377707,35,"Bac+5 et plus",2,9,41,10.5,0.49077,3.81423,"Oui"
76,3572,377845,48,"Bac+3",13,10,153,2.3,1.770057,1.748943,"Non"
76,3572,377864,25,"Bac+4",1,1,75,11.1,2.64735,5.67765,"Oui"
76,3572,377927,20,"Bac+3",0,1,22,10,0.8778,1.3222,"Non"
76,3572,377990,25,"Bac+3",3,3,36,10.2,0.521424,3.150576,"Oui"
76,3572,377997,34,"Bac+2",13,6,50,16.6,6.7562,1.5438,"Non"
76,3572,378045,23,"Bac+2",1,1,29,16.7,2.513517,2.329483,"Oui"
76,3572,378074,27,"Bac+3",1,3,47,4.3,0.897324,1.123676,"Non"
76,3572,378173,20,"Bac+3",0,1,17,10.5,0.29988,1.48512,"Non"
76,3572,378213,56,"Niveau bac",20,20,81,12.1,1.254528,8.546472,"Non"
76,3572,378246,37,"Bac+4",9,7,72,24.7,2.098512,15.685488,"Oui"
76,3572,378262,48,"Bac+5 et plus",20,15,162,6.2,0.662904,9.381096,"Non"
76,3572,378264,28,"Bac+2",2,2,24,3.7,0.340104,0.547896,"Oui"
76,3572,378283,37,"Niveau bac",11,11,63,21.6,4.191264,9.416736,"Non"
76,3572,378329,34,"Bac+3",3,4,47,7,1.31929,1.97071,"Non"
76,3572,378373,26,"Bac+3",0,2,43,9.8,0.935508,3.278492,"Oui"
76,3572,378442,28,"Bac+5 et plus",0,3,33,7.8,0.831402,1.742598,"Non"
76,3572,378454,28,"Bac+3",3,4,75,4.3,0.4773,2.7477,"Non"
77,2251,380007,22,"Bac+4",0,0,27,6,0.60912,1.01088,"Oui"
77,2251,380031,38,"Bac+3",9,13,94,21.6,7.00488,13.29912,"Oui"
77,2251,380045,20,"Bac+2",0,1,19,5.9,0.071744,1.049256,"Oui"
77,2251,380087,36,"Bac+4",11,3,42,2.8,0.673848,0.502152,"Non"
77,2251,380110,26,"Bac+4",1,4,89,2.3,0.927291,1.119709,"Oui"
77,2251,380113,33,"Bac+4",7,7,185,8.5,3.884075,11.840925,"Non"
77,2251,380131,25,"Bac+2",2,3,24,6.8,1.005312,0.626688,"Non"
77,2251,380151,25,"Bac+2",2,3,26,10.3,0.859638,1.818362,"Non"
77,2251,380223,30,"Bac+5 et plus",2,6,21,10.4,1.155336,1.028664,"Oui"
77,2251,380229,21,"Bac+3",0,1,39,18.5,5.20923,2.00577,"Oui"
77,2251,380259,25,"Niveau bac",9,4,29,11.4,1.167018,2.138982,"Non"
77,2251,380300,70,"Bac+4",30,22,493,9.9,22.93929,25.86771,"Oui"
77,2251,380348,56,"Bac+4",22,9,57,2,0.48906,0.65094,"Non"
77,2251,380355,33,"Niveau bac",3,5,34,2.9,0.189312,0.796688,"Oui"
77,2251,380366,27,"Bac+3",0,4,28,4.7,0.386904,0.929096,"Non"
77,2251,380446,30,"Bac+4",4,6,28,6.8,1.153824,0.750176,"Non"
77,2251,380455,43,"Bac+4",18,14,89,3.6,0.493416,2.710584,"Non"
77,2251,380466,27,"Bac+4",3,4,20,11,0.3058,1.8942,"Oui"
77,2251,380494,32,"Bac+3",3,7,79,6.1,1.402329,3.416671,"Oui"
77,2251,380534,30,"Bac+2",5,5,39,13.8,0.548964,4.833036,"Non"
77,2251,380585,32,"Niveau bac",5,9,35,5.8,0.57855,1.45145,"Non"
77,2251,380588,52,"Bac+3",17,12,125,0.5,0.40125,0.22375,"Non"
77,2251,380660,19,"Bac+2",0,0,20,7,0.1946,1.2054,"Non"
77,2251,380677,26,"Bac+2",1,3,48,11.2,0.16128,5.21472,"Oui"
77,2251,380681,25,"Bac+4",0,1,52,4.9,0.670124,1.877876,"Oui"
77,2251,380772,75,"Niveau bac",32,23,78,4.4,0.689832,2.742168,"Non"
77,2251,380864,24,"Bac+2",5,1,28,19.1,1.52418,3.82382,"Oui"
77,2251,380900,61,"Bac+3",20,17,38,3.2,0.350208,0.865792,"Non"
77,2251,380906,23,"Bac+2",1,2,26,12.8,0.54912,2.77888,"Non"
77,2251,380997,25,"Bac+2",2,3,21,14.4,0.985824,2.038176,"Oui"
77,2251,381027,42,"Bac+5 et plus",2,9,147,17.7,5.047686,20.971314,"Oui"
77,2251,381047,23,"Bac+4",0,1,30,12.2,2.25456,1.40544,"Oui"
77,2251,381056,25,"Bac+3",1,3,27,12.7,0.03429,3.39471,"Oui"
77,2251,381121,22,"Bac+4",0,2,50,1.2,0.2088,0.3912,"Non"
77,2251,381164,19,"Bac+2",0,0,16,6.6,0.003168,1.052832,"Non"
77,2251,381168,35,"Bac+4",4,6,18,4.8,0.31536,0.54864,"Non"
77,2251,381210,38,"Bac+4",12,9,37,13.2,3.238092,1.645908,"Oui"
77,2251,381252,43,"Bac+3",16,6,102,2.5,0.58395,1.96605,"Non"
77,2251,381274,28,"Bac+2",7,3,88,10.6,2.210736,7.117264,"Non"
77,2251,381288,30,"Niveau bac",6,4,20,8.4,0.9072,0.7728,"Oui"
77,2251,381320,21,"Bac+3",0,1,19,20.7,1.305756,2.627244,"Oui"
77,2251,381329,37,"Bac+4",0,9,50,1.3,0.2067,0.4433,"Non"
77,2251,381355,34,"Bac+3",7,8,30,14.2,0.92868,3.33132,"Non"
77,2251,381378,20,"Bac+3",0,0,39,15,1.4157,4.4343,"Non"
77,2251,381405,19,"Bac+2",0,0,22,1.8,0.101772,0.294228,"Non"
77,2251,381421,71,"Niveau bac",7,19,26,7.6,0.36556,1.61044,"Non"
77,2251,381426,33,"Bac+4",5,7,321,2.5,4.357575,3.667425,"Oui"
77,2251,381434,22,"Bac+4",0,1,59,3.1,0.616373,1.212627,"Non"
77,2251,381445,30,"Bac+3",4,5,28,8.2,0.397208,1.898792,"Non"
77,2251,381449,22,"Bac+4",0,1,32,3.8,0.712576,0.503424,"Non"
77,2251,381489,20,"Niveau bac",0,1,20,17.6,0.15488,3.36512,"Oui"
77,2251,381535,19,"Bac+2",0,0,19,3.3,0.102828,0.524172,"Oui"
77,2251,381568,28,"Niveau bac",2,3,24,1,0.11448,0.12552,"Non"
77,2251,381583,18,"Bac+2",0,0,14,5.5,0.45738,0.31262,"Non"
77,2251,381596,56,"Bac+2",9,7,41,12.5,1.79375,3.33125,"Non"
77,2251,381632,32,"Bac+3",6,7,50,9.8,3.087,1.813,"Non"
77,2251,381643,29,"Bac+2",0,5,21,12.4,0.380184,2.223816,"Oui"
77,2251,381669,46,"Niveau bac",0,9,25,3,0.43125,0.31875,"Non"
77,2251,381690,39,"Niveau bac",22,13,48,6.8,1.008576,2.255424,"Non"
77,2251,381763,28,"Bac+4",4,3,30,13.8,0.6831,3.4569,"Non"
77,2251,381765,37,"Niveau bac",17,8,76,12.6,4.184712,5.391288,"Non"
77,2251,381780,39,"Bac+4",4,13,47,9.7,1.673153,2.885847,"Oui"
77,2251,381799,27,"Bac+2",2,4,30,2.7,0.33777,0.47223,"Oui"
77,2251,381851,25,"Bac+2",4,3,21,10,0.9996,1.1004,"Non"
77,2251,381896,49,"Bac+2",14,11,94,6.9,3.787824,2.698176,"Non"
77,2251,381929,24,"Bac+4",0,2,45,5.5,0.58905,1.88595,"Oui"
77,2251,381947,22,"Niveau bac",1,0,24,19.9,1.160568,3.615432,"Oui"
77,2251,381959,47,"Niveau bac",17,11,47,18.9,3.766392,5.116608,"Non"
77,2251,381983,32,"Bac+3",5,8,52,5.9,1.346852,1.721148,"Non"
77,2251,382000,41,"Bac+2",17,9,68,9.6,3.055104,3.472896,"Non"
77,2251,382001,18,"Bac+2",0,0,18,10,1.1214,0.6786,"Oui"
77,2251,382011,37,"Niveau bac",11,5,34,13.6,2.977856,1.646144,"Non"
77,2251,382012,35,"Niveau bac",5,5,40,10.5,0.9072,3.2928,"Oui"
77,2251,382038,36,"Bac+5 et plus",3,9,69,8.3,1.454658,4.272342,"Non"
77,2251,382073,19,"Bac+2",0,0,25,9.3,1.174125,1.150875,"Oui"
77,2251,382086,24,"Bac+4",0,2,64,4.4,0.805376,2.010624,"Non"
77,2251,382127,18,"Bac+2",0,0,22,10.5,0.29799,2.01201,"Oui"
77,2251,382157,20,"Bac+3",0,0,13,0,0,0,"Non"
77,2251,382168,38,"Bac+4",4,8,61,2.7,0.912438,0.734562,"Non"
77,2251,382202,24,"Niveau bac",6,1,21,4.5,0.18144,0.76356,"Non"
77,2251,382231,18,"Bac+2",0,0,22,38.8,3.636336,4.899664,"Non"
91,3779,450002,51,"Bac+5 et plus",22,14,75,7.7,2.050125,3.724875,"Non"
91,3779,450068,33,"Bac+3",5,6,38,18.3,1.7385,5.2155,"Non"
91,3779,450181,34,"Bac+3",0,7,49,5,0.17885,2.27115,"Non"
91,3779,450204,33,"Bac+4",6,3,25,13.7,1.1782,2.2468,"Non"
91,3779,450251,27,"Bac+4",1,3,32,15.4,2.153536,2.774464,"Oui"
91,3779,450252,37,"Bac+4",3,4,28,18.1,1.003464,4.064536,"Non"
91,3779,450310,34,"Niveau bac",12,6,59,9.2,2.002932,3.425068,"Non"
91,3779,450317,23,"Bac+2",2,2,35,5.8,0.46284,1.56716,"Non"
91,3779,450383,29,"Bac+3",5,6,37,4.3,0.531394,1.059606,"Non"
91,3779,450387,25,"Niveau bac",1,4,19,2.6,0.134862,0.359138,"Non"
91,3779,450400,21,"Niveau bac",4,1,44,6.4,0.9856,1.8304,"Oui"
91,3779,450406,26,"Niveau bac",6,2,24,11.5,0.90528,1.85472,"Non"
91,3779,450446,37,"Bac+2",4,2,32,3.2,0.140288,0.883712,"Non"
91,3779,450455,22,"Bac+3",0,1,29,19.7,1.679622,4.033378,"Oui"
91,3779,450465,30,"Bac+2",4,2,26,9.3,0.268398,2.149602,"Non"
91,3779,450485,62,"Bac+2",24,17,199,4.7,3.404492,5.948508,"Non"
91,3779,450501,43,"Niveau bac",17,10,104,14.2,3.573856,11.194144,"Non"
91,3779,450563,45,"Niveau bac",12,9,57,1,0.34143,0.22857,"Non"
91,3779,450614,27,"Niveau bac",3,3,37,13.9,3.039513,2.103487,"Oui"
91,3779,450776,35,"Bac+4",2,6,56,11.1,1.386168,4.829832,"Oui"
91,3779,450846,38,"Niveau bac",14,8,37,4.4,0.393976,1.234024,"Non"
91,3779,450942,26,"Bac+2",5,2,22,3.3,0.099462,0.626538,"Non"
91,3779,451034,42,"Bac+4",10,10,76,6.1,0.319884,4.316116,"Non"
91,3779,451036,37,"Bac+2",3,8,38,12.3,1.369482,3.304518,"Non"
91,3779,451046,62,"Bac+4",26,12,87,16.2,4.820148,9.273852,"Non"
91,3779,451050,23,"Niveau bac",1,2,19,7.2,0.712728,0.655272,"Non"
91,3779,451123,23,"Bac+3",1,2,22,14.2,1.562,1.562,"Oui"
91,3779,451156,19,"Bac+2",0,0,20,8.1,0.35802,1.26198,"Non"
91,3779,451171,34,"Bac+5 et plus",8,7,526,2.6,5.4704,8.2056,"Non"
91,3779,451181,20,"Bac+3",0,0,58,2.8,0.457968,1.166032,"Non"
91,3779,451185,18,"Bac+2",0,0,29,7.5,0.859125,1.315875,"Oui"
91,3779,451218,37,"Bac+2",2,7,38,2.1,0.07182,0.72618,"Non"
91,3779,451226,43,"Bac+3",21,14,101,9.7,4.761342,5.035658,"Oui"
91,3779,451251,42,"Niveau bac",8,12,43,1.3,0.153725,0.405275,"Non"
91,3779,451377,23,"Bac+2",2,1,24,1.6,0.046464,0.337536,"Non"
91,3779,451400,19,"Bac+2",0,0,22,6.8,0.414392,1.081608,"Oui"
91,3779,451408,26,"Niveau bac",1,3,15,6.7,0.201,0.804,"Non"
91,3779,451468,43,"Bac+2",10,9,92,14.7,3.85434,9.66966,"Oui"
91,3779,451525,22,"Bac+2",1,1,14,11.7,0.36855,1.26945,"Oui"
91,3779,451559,27,"Bac+2",1,4,25,0.6,0.03195,0.11805,"Non"
91,3779,451783,33,"Bac+3",11,4,61,14.9,4.244563,4.844437,"Oui"
91,3779,451824,64,"Niveau bac",40,18,198,6.9,8.101566,5.560434,"Non"
91,3779,451852,63,"Bac+4",22,27,129,4.9,0.796446,5.524554,"Non"
91,3779,451876,31,"Bac+5 et plus",5,3,61,2,0.36844,0.85156,"Non"
91,3779,451919,20,"Bac+3",0,0,24,9.4,0.59784,1.65816,"Non"
91,3779,452007,20,"Bac+3",0,0,18,5.3,0.30051,0.65349,"Non"
91,3779,452055,21,"Bac+2",2,1,33,6.4,0.8448,1.2672,"Oui"
91,3779,452063,23,"Bac+2",1,0,30,21.5,1.63185,4.81815,"Oui"
91,3779,452088,46,"Bac+3",13,10,32,11,1.18624,2.33376,"Non"
91,3779,452132,59,"Bac+2",32,19,533,0.8,1.863368,2.400632,"Non"
91,3779,452141,21,"Niveau bac",1,1,23,16.5,1.172655,2.622345,"Oui"
91,3779,452173,54,"Bac+3",6,9,70,9.5,2.28095,4.36905,"Non"
91,3779,452318,41,"Bac+2",9,8,77,7.5,3.10695,2.66805,"Non"
91,3779,452333,19,"Bac+2",0,0,36,5.8,0.783,1.305,"Oui"
91,3779,452389,30,"Bac+4",6,5,51,6.2,1.071918,2.090082,"Non"
91,3779,452433,37,"Bac+3",0,9,35,10.8,1.27008,2.50992,"Non"
91,3779,452436,33,"Bac+3",6,6,77,6.2,0.654038,4.119962,"Oui"
91,3779,452445,34,"Bac+5 et plus",5,10,186,11.3,7.46139,13.55661,"Oui"
91,3779,452452,25,"Bac+4",0,3,30,4.9,0.20433,1.26567,"Non"
91,3779,452558,21,"Niveau bac",4,1,19,6.5,0.29393,0.94107,"Non"
91,3779,452646,62,"Bac+2",33,6,322,2.8,7.041496,1.974504,"Non"
91,3779,452767,53,"Bac+5 et plus",7,16,80,12,3.648,5.952,"Non"
91,3779,452878,34,"Bac+4",8,4,49,7.5,0.488775,3.186225,"Non"
91,3779,452912,29,"Bac+3",6,3,28,4.9,0.56938,0.80262,"Oui"
91,3779,453027,20,"Bac+2",0,0,46,12.1,0.951786,4.614214,"Oui"
91,3779,453082,20,"Bac+3",0,0,13,17.8,0.814528,1.499472,"Non"
91,3779,453106,18,"Bac+2",0,0,26,7.3,0.641524,1.256476,"Non"
91,3779,453108,20,"Bac+3",0,0,21,9.3,0.353493,1.599507,"Oui"
91,3779,453122,19,"Bac+2",0,0,34,19.3,2.204832,4.357168,"Oui"
91,3779,453134,30,"Bac+2",1,3,39,1,0.14352,0.24648,"Non"
91,3779,453376,20,"Niveau bac",3,0,24,16.3,1.306608,2.605392,"Oui"
91,3779,453379,30,"Bac+3",8,2,28,15.8,1.52628,2.89772,"Non"
91,3779,453388,25,"Bac+5 et plus",0,1,130,5.8,1.23656,6.30344,"Oui"
91,3779,453405,18,"Bac+2",0,0,23,10,1.1201,1.1799,"Non"
91,3779,453461,31,"Bac+2",3,6,24,12.9,0.736848,2.359152,"Oui"
91,3779,453578,37,"Bac+2",10,8,43,3.6,0.806508,0.741492,"Non"
91,3779,453686,25,"Bac+5 et plus",0,3,16,3.2,0.288256,0.223744,"Non"
91,3779,453698,34,"Niveau bac",10,8,41,14.5,1.194945,4.750055,"Non"
91,3779,453777,27,"Niveau bac",2,2,24,5.8,0.555408,0.836592,"Non"
